gene,baseline_log1p_cp10k,predicted_log1p_cp10k,delta,uncertainty_se
ANXA1,0.9819696,0.58310795,-0.39886165,0.10140125
TRAC,2.3891346,2.0392761,-0.34985852,0.15080178
ADA,0.91342956,1.2398101,0.32638052,0.13401686
ZFP36L1,0.83480656,0.5151473,-0.31965923,0.11015566
VIM,2.3669715,2.0477142,-0.3192572,0.13353583
HSPA5,2.4252088,2.1280394,-0.2971694,0.16912045
TCF7,0.5300534,0.82082045,0.29076707,0.12433644
KRI1,0.41922727,0.7011165,0.28188923,0.112228625
BAZ1B,1.5353775,1.8163471,0.28096962,0.10750488
SIVA1,1.0694213,1.3447108,0.27528957,0.11711737
CLIC1,1.0704648,0.8014455,-0.26901934,0.102261685
MANF,1.2318468,0.968814,-0.2630328,0.12346242
SF3B6,0.8757468,1.1381,0.26235324,0.10424419
BCL7A,0.40913165,0.65648854,0.24735692,0.1027169
LRRC75A-AS1,1.4550437,1.6954697,0.24042606,0.085749015
STK17A,0.6766395,0.908921,0.23228154,0.11014138
CMSS1,1.0886046,0.85757244,-0.2310321,0.106912516
SNRPD1,1.7130891,1.9433231,0.23023409,0.09315942
MT2A,0.97870606,0.7494217,-0.22928438,0.096310146
CD82,1.3180692,1.0903833,-0.22768599,0.114289805
MALAT1,4.9847775,4.7588325,-0.22594517,0.1471254
ESF1,0.969091,0.744443,-0.22464798,0.09823595
GLUL,0.42192724,0.6463538,0.22442655,0.09702315
CHD1,1.0400748,1.26363,0.22355525,0.11017788
CELF2,0.84101015,0.6177002,-0.22330992,0.10094867
SCG2,0.7665534,0.5454335,-0.22111987,0.12182226
C11orf31,0.8720366,0.65129936,-0.22073719,0.08390789
DHX36,1.4105049,1.191119,-0.21938604,0.12592931
DDX24,1.1848141,1.402936,0.21812187,0.10020701
PCNA,0.76295096,0.97921157,0.21626058,0.14417863
EZR,0.8931351,1.1048518,0.21171673,0.10935188
NUCB2,3.0866315,2.8776941,-0.20893747,0.14910863
UBL5,1.5397907,1.7484081,0.2086173,0.11192185
STK4,0.63191485,0.83977944,0.20786458,0.10813582
RBMX,1.6532875,1.8609104,0.20762284,0.117146574
CEP70,0.6320712,0.83867955,0.20660837,0.11187435
SOD1,1.4756349,1.6822332,0.20659825,0.1014151
CDK5RAP3,0.53182137,0.7377745,0.20595309,0.099824026
NAMPT,0.42622355,0.22276522,-0.20345832,0.05992989
CHI3L2,1.4112484,1.6123503,0.20110188,0.14064242
HNRNPH3,1.0488071,1.249467,0.2006599,0.10819636
FAM98B,0.562541,0.76295584,0.20041482,0.10607649
LSM4,0.90422976,1.1044695,0.20023975,0.11159133
POLD3,0.40053362,0.5999044,0.1993708,0.11349169
CCDC152,0.65839213,0.45938405,-0.19900808,0.08449537
MYL12A,1.0915601,1.2905619,0.19900183,0.11760889
PDHB,0.58219486,0.780014,0.1978191,0.094704434
PTPN7,1.1667023,0.9720844,-0.19461788,0.11866776
ARPP21,0.46007314,0.6540738,0.19400063,0.12216832
KIAA0020,1.1685796,0.9749645,-0.1936151,0.10921215
EIF4B,0.79764265,0.9912317,0.19358906,0.110461995
ILF3,1.7253513,1.9188356,0.1934843,0.09718651
HSP90B1,2.6488564,2.456021,-0.19283524,0.18167493
CD69,0.88529235,0.69251955,-0.1927728,0.12164246
CYTH1,0.42507204,0.61779386,0.19272183,0.10275381
HMGA1,1.1109557,0.9206748,-0.19028093,0.123606645
HSPE1,1.4850715,1.6751897,0.19011813,0.13943766
TCF12,0.56987995,0.7587888,0.18890886,0.10809834
MRPS5,0.74879825,0.5610951,-0.18770315,0.09285064
PHLDA1,0.5392848,0.35246646,-0.18681835,0.09481041
PPIG,1.6336123,1.4479822,-0.1856301,0.13014387
RBM26,0.66472757,0.8499622,0.18523462,0.10333916
PSMB4,1.0940676,1.2784079,0.18434037,0.09239241
SMARCA4,0.61812204,0.8022302,0.18410815,0.10496197
TCP1,1.1283202,1.3123962,0.1840759,0.10966241
RGCC,0.5513149,0.3674376,-0.1838773,0.080530696
ELOVL5,0.9147276,1.0983888,0.18366121,0.11031402
TMEM126A,0.6770902,0.49344397,-0.18364628,0.07939185
NOP14,0.65570253,0.83919764,0.18349507,0.1089989
DUSP2,0.65485245,0.4719544,-0.18289804,0.08545827
KPNA2,0.5682034,0.38552752,-0.18267587,0.06877617
PRPF38B,1.6301465,1.8126544,0.1825079,0.12642974
TMA7,1.789151,1.9714643,0.18231337,0.08735611
RHOA,1.2041805,1.3862643,0.18208379,0.101521306
LINC00152,0.5904914,0.40907073,-0.18142067,0.086179666
GUK1,1.1791782,1.3605564,0.18137808,0.10065287
GZMB,0.6779503,0.49837995,-0.17957036,0.14645879
DDIT3,0.60598254,0.42648023,-0.17950232,0.09683758
CCNB1,0.44580022,0.26635233,-0.17944789,0.063059196
NOC3L,0.60782295,0.7857359,0.17791295,0.1170707
H3F3B,2.5214207,2.3487983,-0.17262247,0.12194812
UBE2A,0.6810016,0.85359,0.17258844,0.10268382
SIX6,0.5170346,0.68956834,0.17253375,0.11492682
ATP5I,1.5336225,1.705718,0.17209557,0.11647085
PDS5B,0.59924877,0.42730206,-0.17194669,0.0693494
MFAP1,0.74897766,0.920514,0.17153634,0.11709582
TDG,1.019181,0.8485074,-0.17067361,0.10574172
MARCKSL1,1.0344003,1.2040685,0.16966815,0.11698461
SPTBN1,0.7512395,0.9207691,0.1695296,0.11978538
VGF,0.3327668,0.16353627,-0.16923054,0.05787388
CHD2,0.9238491,1.0920963,0.16824728,0.121431805
MCM4,0.52522784,0.6924134,0.16718553,0.113781914
ALOX5AP,0.49681327,0.32988355,-0.16692972,0.0692685
NUDCD2,0.4826643,0.64855444,0.16589013,0.09489163
FTL,1.4094899,1.5750332,0.16554338,0.099252395
SHMT2,0.51981705,0.6850493,0.16523227,0.09290197
SH3BGRL3,1.7631829,1.5981319,-0.16505101,0.1329184
EIF4G3,0.6658566,0.50114566,-0.16471095,0.07756363
SLC25A5,1.7120204,1.8765134,0.16449296,0.08142834
RP11-234A1.1,0.96673834,1.130982,0.16424374,0.13236104
USP16,1.0839652,0.9215207,-0.1624445,0.11074878
NDUFB7,0.69828546,0.85951686,0.16123138,0.09489023
COX7B,1.3318809,1.4926085,0.16072764,0.10053279
MPHOSPH6,0.69542485,0.85612833,0.16070351,0.09316535
ZNF22,0.689888,0.84947973,0.15959173,0.10296435
JMJD1C,0.85820884,0.6987656,-0.15944324,0.094794355
EIF3D,0.9137033,0.75484234,-0.15886098,0.10398072
AIP,0.5806381,0.42329502,-0.1573431,0.071017034
MT-TP,1.1099389,1.266869,0.15693006,0.15441032
COPB1,0.824564,0.9808544,0.1562904,0.093579985
MDH2,0.79505414,0.9512744,0.15622027,0.10380457
ZNF706,0.6660958,0.5099441,-0.15615174,0.08226061
UBTF,0.5488513,0.7048577,0.15600643,0.10714643
RPS27L,0.74120754,0.897105,0.15589744,0.11549746
TBCA,1.583995,1.7398276,0.15583259,0.11558968
PTPN11,0.9887554,0.83315957,-0.15559581,0.10538492
GNL2,0.91694355,1.0725062,0.1555627,0.106665544
OCIAD1,0.9876491,0.83227503,-0.15537405,0.09014735
COPS3,0.45423505,0.60869145,0.15445644,0.092582785
ANP32A,1.4876448,1.6420949,0.15445007,0.1217332
TUBB4B,0.65520877,0.5019493,-0.15325943,0.096560456
C4orf27,0.6665778,0.8197694,0.15319154,0.10154327
RBM22,0.71053344,0.86362576,0.15309231,0.10242654
TUBA1B,1.9416883,2.0947733,0.1530849,0.16734076
TCEB2,1.4783407,1.6313362,0.15299551,0.098025575
FTSJ3,0.82768,0.98057604,0.15289605,0.11190846
LBR,0.91504955,1.0678599,0.15281029,0.1109916
PTPRE,0.656878,0.50449556,-0.15238243,0.08692211
IER3,0.54491454,0.39286146,-0.15205309,0.07141205
GABARAPL2,0.7042827,0.85572845,0.15144576,0.10879074
RNASEH2B,1.1614724,1.3126893,0.1512169,0.123526834
RAC1,1.0425661,1.1936241,0.15105808,0.11157292
ATP5E,2.285548,2.1350093,-0.1505388,0.11827457
RPL22L1,0.5624685,0.4121185,-0.15035003,0.0781988
HN1,0.8709498,1.0212065,0.15025668,0.1110804
TCEB1,1.2366084,1.086701,-0.14990735,0.11450604
ATP5H,0.8745548,1.0241826,0.14962769,0.11185078
CAMLG,0.63700294,0.48740387,-0.14959906,0.08072591
THYN1,0.65446335,0.8034837,0.14902037,0.10887029
RPS26,1.8887557,2.0375686,0.14881292,0.10917496
SRSF3,1.652764,1.8015207,0.14875671,0.10989714
GTF3A,1.3325454,1.48061,0.14806464,0.10971463
LRRC75A,0.4455864,0.5933387,0.14775233,0.10978247
UFD1L,0.7043909,0.8519733,0.14758244,0.105200134
VCP,0.8696375,0.72234094,-0.14729652,0.0902598
HNRNPK,1.5971493,1.7442106,0.1470614,0.094724365
MT-ND1,2.0744648,2.2206888,0.14622405,0.10958756
EWSR1,0.9977842,1.1439574,0.14617313,0.10996079
NCAPG,0.42158094,0.27577907,-0.14580187,0.06030832
ARID5B,0.60262245,0.74832803,0.14570558,0.12250732
UFM1,0.5525706,0.6980217,0.14545111,0.09616755
ATP6V1F,0.6018681,0.7473174,0.14544928,0.09743702
NDUFA5,0.7022098,0.55683607,-0.14537369,0.08572801
LRIF1,0.50624317,0.6515831,0.1453399,0.10432638
HIST1H1D,0.7675665,0.6231681,-0.14439838,0.10988207
BLOC1S1,0.45712063,0.31279206,-0.14432856,0.06509083
UBA52,2.3105855,2.4546766,0.14409107,0.056762625
PSMA5,1.1125088,1.2564738,0.14396502,0.09761646
TFDP2,0.57272214,0.71663165,0.14390953,0.10949938
ANKRD11,0.9799389,1.1237489,0.14380997,0.12542471
CEP290,0.752599,0.60896,-0.14363904,0.09913808
PSMA6,1.6415974,1.7851254,0.14352794,0.11325287
NAP1L4,0.7858489,0.9293684,0.14351948,0.10921536
DBI,1.2128708,1.0696775,-0.14319338,0.11857504
SMARCE1,1.5133061,1.6564368,0.14313065,0.10933266
SEP15,0.9562271,1.0991051,0.142878,0.10228913
UTP11L,1.0558081,1.1977531,0.14194505,0.09670047
ACAT2,0.9385636,0.7967016,-0.14186199,0.13682185
DIAPH1,0.9577247,0.81626374,-0.14146094,0.11338622
SUB1,2.0454655,1.904304,-0.14116138,0.13765916
SNHG15,0.5683008,0.70944023,0.14113946,0.11124892
HNRNPA3,1.7605505,1.9016272,0.14107673,0.11803089
SUGT1,0.8124481,0.67152244,-0.14092566,0.09218465
SFPQ,1.6022106,1.4623796,-0.1398311,0.13051511
CSNK2B,1.0194068,0.87991655,-0.13949023,0.09861917
MRPL27,0.5084817,0.36927778,-0.13920389,0.067545004
PAK2,1.0314288,1.1702882,0.13885942,0.12575978
HMGB2,1.4649217,1.6035217,0.13860004,0.16313383
FAM96B,1.1154909,1.2540096,0.13851868,0.103045724
SRPK2,0.5653773,0.70389163,0.13851437,0.0999517
CXCR4,0.8330085,0.97125024,0.1382417,0.117315836
PSMB6,1.3756963,1.5135051,0.13780884,0.09431834
EBNA1BP2,0.9960423,1.1336285,0.13758616,0.09481476
CBX5,1.0003793,1.1377444,0.13736516,0.10260818
EEF1A1,2.2169468,2.353539,0.13659225,0.11329115
BZW2,0.6495818,0.78441375,0.13483196,0.11031979
HSPD1,2.3267982,2.4614942,0.13469596,0.11367216
SRRM2,0.98484415,1.1192325,0.13438836,0.10202458
NAA15,0.7885667,0.6542883,-0.1342784,0.0989632
RPA2,0.46012616,0.3259101,-0.13421609,0.06620758
MT-ND6,1.2017947,1.3359506,0.13415585,0.123200834
SLU7,0.84629,0.7122054,-0.13408458,0.102688916
SRRT,0.831426,0.9653125,0.13388649,0.098716006
PDIA6,0.98323816,0.8498951,-0.13334303,0.112619855
SPN,1.0036623,1.1368086,0.13314633,0.107077494
CBX1,0.97148645,1.1044599,0.13297339,0.10358936
ZRANB2,1.4314538,1.2985675,-0.13288635,0.1145934
C19orf53,1.0756183,1.2081139,0.13249567,0.11051165
RRP1B,0.79180425,0.9241488,0.13234456,0.104453854
NDUFAF4,0.54679435,0.41445732,-0.13233705,0.077539645
SRSF2,1.2680267,1.3999324,0.1319057,0.12144128
GDI2,0.66543245,0.7971184,0.13168597,0.10098024
HLA-E,0.51495034,0.38330355,-0.13164678,0.07112141
C17orf85,0.68933135,0.5583477,-0.13098364,0.10076236
SCD,0.5510378,0.68178415,0.13074633,0.10574358
SMC6,0.5024113,0.6330633,0.13065204,0.10971775
APEX1,1.0656713,1.1958314,0.1301601,0.10533481
BUB3,1.0911441,1.2212427,0.13009864,0.11503809
PPP2R2A,0.76222384,0.8920465,0.12982266,0.107432485
CDK6,2.6372845,2.7664974,0.1292128,0.0996002
KIAA1551,0.6314165,0.5023369,-0.1290796,0.090366244
GOLGB1,0.98865473,0.85969996,-0.12895477,0.13304374
CALM2,1.4237882,1.5527401,0.12895189,0.132837
FAM60A,0.59969765,0.72857535,0.12887773,0.108399495
NDUFS8,0.59182036,0.46318087,-0.12863949,0.07613332
TUBB,2.0860665,2.2140815,0.12801509,0.14231333
LMAN2,0.64411765,0.51635015,-0.12776747,0.0910066
ATP6V1D,0.51214194,0.38445616,-0.12768577,0.088672824
CNPY2,0.6604793,0.7880177,0.1275384,0.11271362
DAD1,0.9458762,0.8186834,-0.12719278,0.082571454
NDUFA3,1.023261,1.1502491,0.12698822,0.11736876
NPM1P27,0.5424091,0.66888136,0.12647223,0.10243832
EGR1,0.5119638,0.385495,-0.12646876,0.09613143
RTN3,0.6114795,0.485147,-0.12633254,0.075192995
UQCC2,0.5647041,0.43896374,-0.12574038,0.07431739
MRPL11,0.63269824,0.75840044,0.1257022,0.09235955
NDUFB4,1.47061,1.5962775,0.1256675,0.10132368
SGOL2,0.39891297,0.27332953,-0.12558344,0.058359798
PAK1IP1,0.8614609,0.7358971,-0.12556379,0.100465015
C11orf73,0.5958719,0.47043133,-0.12544058,0.083931044
TRMT13,0.5052762,0.38016197,-0.12511423,0.08164301
HIGD1A,0.52941287,0.65419066,0.1247778,0.101311184
ARPP19,0.5191922,0.64386404,0.12467182,0.10875845
CARHSP1,0.5151162,0.63962626,0.12451008,0.101071596
COPS2,0.6063497,0.4821198,-0.12422989,0.08906335
RPL39,2.264863,2.3889642,0.12410128,0.11098491
USMG5,1.5695897,1.6936009,0.1240112,0.08156984
MINOS1,0.885657,1.0095905,0.12393345,0.11225978
NHP2L1,1.0830946,1.2066948,0.1236002,0.10494598
CHMP5,0.54024804,0.663066,0.12281798,0.09872108
MT-ND5,2.1957533,2.3185544,0.12280096,0.12013851
NIN,0.35830048,0.48086497,0.1225645,0.100745656
PRPF4B,1.1029526,1.2251626,0.12221006,0.10987537
CCND3,0.38799292,0.510201,0.12220804,0.0905961
RPAP3,0.66332793,0.54120415,-0.12212378,0.09194438
ENSA,1.0978591,0.9757875,-0.12207165,0.10227011
RBBP6,1.0933843,1.2153628,0.12197853,0.12924322
THUMPD1,0.38672936,0.5085904,0.121861026,0.09409911
RP11-3P17.3,0.5405845,0.6624286,0.12184414,0.1014926
SON,1.804453,1.9261757,0.1217227,0.08607546
RBBP4,0.98027533,1.1018314,0.12155614,0.11106514
CD1E,1.088861,1.2103537,0.12149277,0.12350716
NOM1,0.54943174,0.6705638,0.1211321,0.09850796
SF3B2,1.2640024,1.3849865,0.12098408,0.0916325
SENP6,0.6845426,0.5636878,-0.120854765,0.09393833
SLFN5,0.50272244,0.38196278,-0.12075966,0.08177084
ARL2BP,0.44299844,0.563277,0.12027854,0.09056038
RPS21,3.03625,3.156354,0.12010383,0.05258284
SEC61B,1.1074508,1.2275262,0.1200753,0.09519033
RPL41,2.4998987,2.6199532,0.12005439,0.064345986
SDHB,0.71613806,0.59615993,-0.119978115,0.09421008
TTF2,0.5490973,0.42914045,-0.11995684,0.077053905
UTP14A,0.5786064,0.4588065,-0.11979991,0.079075575
PSMA1,1.1698936,1.0504254,-0.119468234,0.10389863
EIF4G1,0.76075983,0.8798929,0.11913303,0.105178475
PDCD6,0.46306214,0.582169,0.11910686,0.099111095
VPS13C,0.46796018,0.5870547,0.11909452,0.10131321
RAC2,0.59820455,0.47914436,-0.11906019,0.081004485
SURF6,0.5474848,0.6664702,0.1189854,0.09517622
NDUFS4,0.61499554,0.7338891,0.11889354,0.0982878
SMC3,1.164571,1.0458875,-0.118683554,0.11508202
SLMO2,0.5252737,0.643907,0.11863335,0.10400647
NDUFA6,1.2324443,1.1139342,-0.11851018,0.11033641
TOPORS,0.6122727,0.49393862,-0.118334055,0.083761
OTUD6B-AS1,0.49642944,0.37822583,-0.1182036,0.08053864
TMA16,0.66752195,0.78565687,0.1181349,0.102205254
KARS,0.6077854,0.72545725,0.11767183,0.0943416
QPRT,0.3956204,0.5131297,0.11750929,0.09598388
EIF5,1.354142,1.4714625,0.1173206,0.11198474
EZH2,1.3061106,1.1888473,-0.11726329,0.12429885
HMGN1,1.6323563,1.7494911,0.11713486,0.10310643
HNRNPH1,1.5686892,1.6856704,0.11698113,0.123753846
PTPN1,0.74600905,0.6291102,-0.11689884,0.087223634
PCM1,1.202862,1.0860759,-0.11678608,0.12701537
PPIA,1.9030478,2.0195436,0.11649597,0.10664905
ANAPC16,0.71303695,0.5968676,-0.11616932,0.09310054
TGS1,0.87017846,0.75427735,-0.11590113,0.10360412
TXN2,0.70676684,0.82255155,0.11578468,0.09846379
HSPH1,0.7321582,0.84785163,0.115693465,0.10789151
MSMO1,0.6552278,0.5395841,-0.11564369,0.099082395
ETFB,0.5733141,0.6889434,0.1156293,0.09502598
SERBP1,2.1891074,2.0737226,-0.11538477,0.11628815
DNAJB1,0.44800022,0.5632406,0.115240365,0.0988723
NACA,2.1870005,2.30209,0.11508949,0.10333466
PSME2,0.79846025,0.9131603,0.11470007,0.10687804
ADAR,0.50675744,0.6213746,0.114617154,0.099630244
SYF2,1.1729743,1.0585368,-0.11443764,0.1277124
PNO1,0.5703458,0.45600545,-0.11434035,0.08740828
EIF1AX,0.67085195,0.78509426,0.1142423,0.10038167
FBXO5,0.3322034,0.44638303,0.11417963,0.093775615
HTATSF1,1.1800855,1.0660921,-0.11399337,0.11402355
MRPL16,0.5948424,0.7086809,0.11383853,0.09539883
MZT1,0.4403825,0.5541503,0.11376778,0.09429598
FKBP1A,0.9411415,1.0548464,0.11370494,0.09647324
SNF8,0.748791,0.635239,-0.113551974,0.09593103
EIF4A3,0.6987166,0.8122457,0.11352915,0.09532189
FAM217B,0.39642304,0.50994956,0.11352653,0.09792298
HIVEP3,0.46685198,0.35341206,-0.113439925,0.08338515
RFC1,0.86105686,0.97445166,0.113394804,0.11036215
YME1L1,0.92205864,0.8088713,-0.11318731,0.09982107
GABPB1-AS1,0.54896075,0.66202825,0.113067485,0.10495584
C14orf166,0.94171196,1.0547681,0.1130561,0.09858626
MRPL57,1.0043159,1.1173455,0.113029644,0.11702137
RPS23P8,0.44211122,0.55511034,0.112999104,0.100310124
ARGLU1,1.1488088,1.2615288,0.112719975,0.10575868
GADD45A,0.40258312,0.29005855,-0.112524554,0.06569798
KIF4A,0.3259699,0.21375458,-0.112215325,0.05543393
TMEM160,0.67033416,0.55814636,-0.11218778,0.09189425
RSF1,0.6432514,0.53107303,-0.112178385,0.096849635
RPL23A,2.763815,2.8759668,0.112151764,0.08386888
KLF6,0.3305873,0.21853617,-0.11205114,0.08196904
NDUFB11,0.8313782,0.9434234,0.11204514,0.104044534
MRPL34,0.43804887,0.5499761,0.11192723,0.08706389
ADRM1,0.46154812,0.5734694,0.11192131,0.09496425
ZFAND6,0.45217213,0.34067547,-0.11149667,0.06973038
MCM6,0.7313026,0.84276795,0.11146533,0.12137096
RWDD1,0.7767889,0.6656085,-0.111180335,0.09098868
DHX15,0.60895693,0.72012603,0.11116908,0.106829524
POLD2,0.44763616,0.5585928,0.11095661,0.09059081
HNRNPDL,1.559376,1.6702862,0.1109102,0.11683213
LUC7L,0.69386405,0.58309585,-0.11076819,0.08814086
TAF3,0.5278628,0.41740066,-0.11046214,0.09240408
NDFIP1,0.59690255,0.48651382,-0.11038872,0.07353809
RPSA,2.3883595,2.4986825,0.110322855,0.095494024
AMD1,0.67790776,0.7881572,0.11024946,0.108220026
MPHOSPH8,0.97797453,0.8678225,-0.11015198,0.10978512
RPL7A,2.5269556,2.6370668,0.110111214,0.08700138
OIP5-AS1,0.5591855,0.66929483,0.11010935,0.097532175
C7orf73,0.68996286,0.8000292,0.11006635,0.09665235
TIA1,0.55828464,0.6681947,0.10991008,0.090437815
LCK,1.3668485,1.2570527,-0.10979579,0.121021904
THUMPD3,0.5444046,0.4346214,-0.10978322,0.08084654
GNL3,1.2539852,1.363625,0.109639935,0.12199938
RP11-404O13.5,0.8317804,0.94130033,0.10951998,0.13775936
HLA-A,1.069856,1.1793376,0.10948154,0.10478075
SOX4,2.4865587,2.595843,0.1092843,0.1170855
BANF1,0.8716398,0.98082364,0.109183855,0.11064548
BRCA2,0.49405077,0.38501558,-0.1090352,0.08894286
KRR1,1.0616055,0.9526175,-0.10898792,0.10913293
TIMM10,0.8838336,0.77520436,-0.108629234,0.09691119
MZB1,0.5237326,0.6322291,0.108496495,0.11505765
TYMS,1.1093653,1.2176998,0.10833446,0.11656498
AC016739.2,0.9170998,1.025402,0.10830216,0.114794
WDR43,1.0497258,1.1579902,0.108264446,0.12240666
NCOR1,0.89061606,0.9986268,0.10801074,0.11340456
ATP2B1,0.66736996,0.5593656,-0.108004384,0.11315226
HMGB1,2.60578,2.7136707,0.10789087,0.12666501
UBXN1,0.80506897,0.6972069,-0.10786208,0.089412324
HMGN2,2.1070375,2.214826,0.1077886,0.15171592
PSMD8,0.9641947,1.0719473,0.107752666,0.106362775
RB1CC1,0.729469,0.6220681,-0.10740092,0.103362985
SP100,0.46187454,0.35450128,-0.107373275,0.07548436
ENO1,2.2946777,2.1875231,-0.1071547,0.12958573
BLOC1S2,0.5343686,0.42724225,-0.10712633,0.08247848
YY1,0.9030198,1.0101388,0.10711897,0.10115562
NDUFB10,0.90615875,1.0132539,0.10709514,0.11602442
MCTS1,0.59715605,0.49011576,-0.107040286,0.08484141
TUBA1C,0.5347774,0.42781574,-0.10696168,0.07865178
EEF1B2,1.858204,1.9650637,0.10685967,0.11194823
SLC25A3,1.3410437,1.2342249,-0.10681878,0.118498154
MYC,0.34021586,0.44697362,0.106757745,0.10085011
AC004453.8,0.45489815,0.5616251,0.106727,0.08853383
ANKRD36C,0.6472945,0.7539743,0.106679775,0.11153882
GYPC,0.5952631,0.70177346,0.10651033,0.107999906
EIF2S1,0.6162041,0.7225956,0.10639148,0.09823383
MPC2,0.55807406,0.6643766,0.10630255,0.10132403
PKM,2.2803123,2.174025,-0.10628731,0.11531458
ALKBH3,0.56880254,0.4629125,-0.10589004,0.08671856
ABT1,0.46125734,0.5670691,0.1058118,0.104129516
SECISBP2L,0.45378616,0.34832272,-0.10546344,0.07077888
CHD4,1.4581692,1.3529102,-0.10525908,0.12382663
NDUFC2,0.85459167,0.95975554,0.10516389,0.098405994
MAD2L1,0.41556913,0.5204964,0.10492732,0.094028965
SMC2,1.1327099,1.0278053,-0.10490454,0.12214697
KMT2E,0.6746044,0.7794934,0.10488897,0.102013454
TARDBP,0.64463544,0.74935377,0.1047183,0.1033505
IKZF2,0.44481656,0.54945564,0.10463908,0.10581939
WBP11,1.0287113,0.92424357,-0.10446772,0.113784954
CEP55,0.41350737,0.30904204,-0.10446535,0.0796349
ATP5F1,0.7918458,0.6873957,-0.10445011,0.09475036
SAFB2,0.89649665,0.79208565,-0.104411,0.10238614
SCN3A,0.594348,0.48994702,-0.104400985,0.0928461
RP11-475C16.1,0.56719536,0.67158186,0.10438653,0.10586696
NDUFA7,0.8917628,0.9960973,0.10433451,0.112088
CCT6A,1.9089917,2.0132182,0.10422654,0.113069825
ADH5,0.54701364,0.6512191,0.1042055,0.095733166
MRPS18C,0.95611703,1.0601846,0.10406755,0.1137056
GAR1,0.6186124,0.7226107,0.1039983,0.095896766
LSM7,1.1415603,1.0376406,-0.1039197,0.10451998
MMADHC,0.6483963,0.5444959,-0.10390044,0.087855384
CNBP,1.1312305,1.234929,0.10369845,0.0978769
RNF20,0.3915017,0.4951858,0.10368408,0.1061638
DDX10,0.4781225,0.3748523,-0.103270195,0.07188897
HDAC2,1.1398537,1.2429991,0.10314531,0.12163423
PDCD10,0.6690695,0.7721139,0.1030444,0.10214081
ATP5A1,1.0823748,1.1852207,0.10284588,0.11019958
SLC3A2,1.2574254,1.154774,-0.102651514,0.11310273
COX7C,2.3707657,2.2681668,-0.10259885,0.13106464
HHIP-AS1,0.36586213,0.46822953,0.10236741,0.09207101
DTYMK,0.5050674,0.4027359,-0.10233151,0.082058646
RPS4X,2.611855,2.713981,0.1021258,0.083399534
YBX1P2,0.49698728,0.5989926,0.10200529,0.09413743
PIN1,0.4847032,0.58640695,0.101703726,0.10278009
CNIH4,0.64994043,0.5483224,-0.101618074,0.099269785
TMEM261,0.6363785,0.7379684,0.10158988,0.11471373
SDAD1,0.6956881,0.79727733,0.10158921,0.10386077
MAP1A,0.34496257,0.4464444,0.10148182,0.08973523
CCNI,1.0357258,1.1370438,0.10131801,0.0973612
PPP1R15A,0.4024798,0.3012608,-0.101219006,0.08346216
CNOT7,0.6368478,0.73759985,0.10075205,0.094302006
ARHGAP15,0.51171315,0.41109133,-0.10062182,0.08046796
RUNX1,0.5241811,0.62473804,0.10055691,0.09155637
SSRP1,1.8220804,1.9224283,0.100347854,0.10429872
CUTA,0.6467169,0.7468021,0.10008517,0.106261596
STOML2,0.7954214,0.89530575,0.099884324,0.10799932
EID1,1.1929264,1.093261,-0.09966545,0.113184944
CCDC91,0.4424894,0.3430251,-0.099464305,0.07686752
UBE2G2,0.49454144,0.59399354,0.09945213,0.091335244
PHB,0.8166096,0.91595507,0.099345446,0.107475735
MT-RNR2,4.818511,4.719169,-0.09934197,0.09405375
DNAJC8,1.4251167,1.5243766,0.09925994,0.10756193
ANAPC15,0.5625852,0.66183096,0.0992458,0.10782287
TAGLN2,0.43166953,0.5308691,0.09919962,0.09572927
FNBP1,1.2456133,1.3447145,0.099101216,0.121926054
CASP8AP2,0.65752375,0.55866706,-0.09885669,0.110202655
TLE4,0.46512312,0.36627203,-0.09885108,0.07427706
NKAP,0.5359066,0.43716446,-0.098742165,0.07682318
KIF5B,1.2029895,1.104652,-0.09833736,0.10835261
NDUFA13,1.1033671,1.2016481,0.09828107,0.10447007
POLR3K,0.42060634,0.5188204,0.09821404,0.090104684
MT-ND3,2.1749518,2.0769083,-0.098043524,0.13132703
UBE2D3,1.192071,1.2900518,0.09798088,0.09936608
GMFG,1.3652842,1.4632025,0.097918235,0.11138146
SLC7A5,0.5333251,0.43542254,-0.09790255,0.080526255
RILPL2,0.6064076,0.508612,-0.09779558,0.08540075
ATAD2,0.6157226,0.7133828,0.09766016,0.118755534
RNF5,0.52949476,0.4323096,-0.09718517,0.078961454
VMP1,0.57842267,0.4817818,-0.09664086,0.09039775
RPL18,2.363639,2.4602506,0.096611485,0.09218812
POMP,2.1403968,2.0438209,-0.096576095,0.112159036
METTL5,0.6198129,0.71631205,0.096499145,0.10104009
SVIP,0.7100007,0.80645597,0.09645529,0.11467548
EIF1B,0.6837081,0.58742905,-0.096278995,0.10351161
PRPF19,0.66547364,0.7617245,0.09625085,0.104876146
SC22CB-1E7.1,0.5100708,0.60630935,0.09623853,0.09565364
EBP,0.6751008,0.7712887,0.096187904,0.110653296
ARPC3,1.2300678,1.1340172,-0.096050635,0.11331536
RP11-51O6.1,0.58628356,0.68218714,0.09590359,0.098598585
RSRC1,0.97805715,0.882156,-0.09590114,0.11721344
MORF4L1,1.314771,1.4105865,0.09581538,0.115720026
HMMR,0.39745712,0.30190408,-0.09555303,0.06953419
LTV1,0.8015659,0.7060341,-0.095531784,0.10494976
PDIA4,0.73332405,0.8287121,0.09538808,0.113572344
HINT2,0.556049,0.46069944,-0.09534954,0.08652719
CEP78,0.49940732,0.594691,0.095283635,0.09954834
TOPBP1,0.5410644,0.6362406,0.09517623,0.10508057
AP2M1,0.6003618,0.6954898,0.09512798,0.09672589
DIS3,0.43492687,0.33981022,-0.09511665,0.06820069
PA2G4,1.7642821,1.8593761,0.09509394,0.10757587
ECI2,0.54696864,0.6418916,0.09492294,0.10145397
CYC1,0.6482094,0.7430792,0.09486978,0.090075955
CEP350,0.61305934,0.7076482,0.09458888,0.10128039
ATP5C1,0.9217853,1.0163695,0.09458419,0.10967449
GPS2,0.5179546,0.61252254,0.09456798,0.095352255
ARID4B,1.0039452,1.0984882,0.094543,0.10566257
ATP6V1G1,1.215741,1.3102391,0.09449805,0.099818885
RTN4,0.93272734,1.0270565,0.09432916,0.11586932
ERICH1,0.4570649,0.5512965,0.094231576,0.09501796
DDX17,0.9305182,1.0246489,0.09413069,0.1077684
WDR1,0.66545504,0.7595055,0.094050474,0.094547845
PRDX2,0.6437096,0.7374979,0.09378834,0.105512716
TPM3,2.4482374,2.3544536,-0.09378381,0.08362695
CD1B,0.5011009,0.40732467,-0.09377621,0.08530537
NPM3,0.6589072,0.56527215,-0.09363502,0.090279356
PAFAH1B3,0.5913947,0.68499327,0.09359854,0.110476
IDH2,0.7085985,0.80217665,0.09357814,0.10464396
SMC4,1.739109,1.6456032,-0.09350588,0.108320676
PTTG1,0.65416443,0.7476624,0.09349801,0.11398803
DDX46,1.3043487,1.3977594,0.09341073,0.12922841
ZC3H15,1.3710145,1.2776536,-0.09336087,0.11433811
RPL13A,2.9455469,3.0388896,0.09334275,0.100249894
CCNL1,0.55855256,0.46523297,-0.09331958,0.08354961
AGGF1,0.53552043,0.62869734,0.09317691,0.09860651
YWHAQ,0.911275,1.0044476,0.093172595,0.11290272
HNRNPAB,1.0270404,1.1201954,0.09315507,0.11671869
CDC42,0.8265053,0.73337984,-0.093125485,0.10039902
ZNF146,0.5691519,0.47615874,-0.092993125,0.083250694
AQP3,0.47745886,0.38461706,-0.0928418,0.09188745
CTNNAL1,0.83587646,0.74319863,-0.09267786,0.12567556
CAMTA1,0.42414707,0.5167778,0.09263075,0.08507567
OSBPL8,0.78841144,0.6958138,-0.09259769,0.113348655
PCBP1,1.180698,1.0884981,-0.0921999,0.111645974
FERMT3,0.51961046,0.42751545,-0.09209501,0.087514415
CALCOCO2,0.43012547,0.52221805,0.09209255,0.09033214
HMGB3,0.67452896,0.58246225,-0.09206669,0.096523106
MRFAP1L1,0.5194537,0.6114372,0.09198352,0.09521442
C9orf78,1.9879907,2.079958,0.09196718,0.13105838
TXNRD1,0.7755542,0.8675046,0.09195042,0.101568185
REXO2,0.45733735,0.5492245,0.09188712,0.08669006
COX16,0.5691306,0.6609159,0.0917853,0.100606605
BCCIP,1.1045772,1.0128833,-0.09169386,0.114345916
C5orf24,0.4116946,0.50336146,0.09166686,0.09312294
MRPS21,0.97644097,1.067916,0.09147503,0.098087594
IDI1,1.2891431,1.380575,0.0914319,0.12998524
SSFA2,0.48338628,0.39196026,-0.091426015,0.071147665
C19orf43,0.7714306,0.86279154,0.09136091,0.10749396
MMP10,0.20537752,0.11405381,-0.09132371,0.04695146
SEPT6,1.3219874,1.4132391,0.09125175,0.1294994
TRA2B,0.84923667,0.9404185,0.091181785,0.09579413
COX8A,1.7026743,1.7937986,0.09112426,0.09927291
ACOT7,0.3875541,0.47865415,0.091100045,0.083353825
H2AFV,1.2568089,1.3478549,0.09104595,0.10940905
ACTR3,0.85575956,0.94679385,0.091034316,0.10221152
ZNHIT3,0.40194836,0.49276736,0.09081901,0.09728032
AIF1,0.97400266,1.0647607,0.090757996,0.122148715
USP47,0.66601557,0.75672066,0.09070509,0.10626328
ZC3H8,0.5773922,0.4868119,-0.09058032,0.09042636
U2SURP,1.6684464,1.5779235,-0.09052286,0.118830994
MESDC2,0.96272135,1.0527098,0.089988515,0.11169011
SRSF4,1.1684381,1.2583824,0.089944325,0.12519835
UQCR11,1.5089153,1.4190056,-0.0899097,0.10952253
SNRPD2,2.2446496,2.334512,0.08986238,0.086137906
CCT5,1.0210776,1.1109055,0.08982784,0.10783032
NMT1,0.60299015,0.6927276,0.08973747,0.1113616
EIF3I,1.2296999,1.3193175,0.08961764,0.09222977
ARL4C,0.5561124,0.466517,-0.089595415,0.10133594
SELK,0.906624,0.81745666,-0.08916736,0.11024575
GNPDA1,0.50563097,0.4164749,-0.089156054,0.080257714
RIOK1,0.75114286,0.6619895,-0.08915334,0.09299088
SUZ12,0.56800824,0.65715164,0.089143395,0.10607888
POLR2F,0.86190933,0.7727716,-0.089137726,0.09576852
PPM1G,1.0965533,1.185638,0.08908465,0.11800995
PMAIP1,0.75014865,0.6610709,-0.08907775,0.091580294
CTR9,0.7965449,0.7075835,-0.08896143,0.105433896
CHCHD2,2.3453882,2.25657,-0.088818066,0.1246079
RPLP2,3.069811,3.1585855,0.088774554,0.054760374
MT-TS2,0.5158569,0.6044475,0.08859059,0.11402548
PTBP1,0.49243775,0.58091056,0.08847281,0.09669495
LZIC,0.45874304,0.54706675,0.08832372,0.09315413
CDK11B,0.7480779,0.8362679,0.08818996,0.10766385
MCUR1,0.43787962,0.5258543,0.08797468,0.08606284
ARMC1,0.50740254,0.59537315,0.087970614,0.10456909
WNK1,0.62465066,0.53669995,-0.08795072,0.09123222
ASPM,0.4716818,0.3838487,-0.087833114,0.08961516
CENPU,0.87835085,0.7905751,-0.08777578,0.1136371
EIF5A,1.1475679,1.2353384,0.08777053,0.11880947
SARAF,0.71699166,0.6296986,-0.08729307,0.10197701
ZNF148,0.39259142,0.3053492,-0.087242216,0.05984365
ZFR,0.70908993,0.7961545,0.08706454,0.09731334
DBF4,0.60373056,0.5166747,-0.08705587,0.0871107
ATP6V0E1,0.5391168,0.6259309,0.08681409,0.092514776
UQCRQ,1.7726511,1.8594624,0.0868113,0.086367786
ZCCHC10,0.5054385,0.41874027,-0.08669822,0.080992535
RPL14,2.5412116,2.6278167,0.08660499,0.11686916
CIR1,0.7993751,0.8858702,0.08649511,0.117061995
HNRNPL,0.42879465,0.34231052,-0.08648414,0.069032274
RSL24D1,1.092052,1.1784945,0.08644245,0.10387068
ITGAE,0.6799788,0.59361005,-0.086368755,0.084633246
TXN,1.6678337,1.7539194,0.086085714,0.10175089
LCP2,0.3615254,0.2754681,-0.08605727,0.067031376
IMPDH2,0.88194305,0.7960425,-0.08590057,0.0994026
HNRNPM,2.3608007,2.4466372,0.08583631,0.114864476
HERPUD1,0.4493017,0.36349854,-0.08580315,0.078614466
SNRPC,1.4289744,1.5145591,0.085584804,0.11100624
RANBP1,1.5654497,1.6508719,0.08542218,0.117834404
CLTA,0.66351044,0.74877965,0.085269205,0.09924189
ASNS,0.49234146,0.40714833,-0.08519312,0.078778006
TIMM13,0.69783556,0.7830118,0.08517621,0.09412645
IMP3,0.45004302,0.5350994,0.08505638,0.0934365
SNRPB2,1.3431935,1.2583833,-0.084810205,0.112428255
SUMO2,1.0319117,1.11666,0.08474832,0.10402088
PTPN2,0.5562552,0.64085895,0.08460373,0.088666275
ZC3H7A,0.5346598,0.4501042,-0.084555596,0.07962271
RPL19,3.313373,3.3976514,0.08427831,0.055921625
NDUFA8,0.5996732,0.6838838,0.084210545,0.09855018
TTC37,0.49716035,0.41297358,-0.084186755,0.084102504
AFG3L2,0.51037955,0.594473,0.08409346,0.09027932
MEAF6,0.51755273,0.60161585,0.08406311,0.10482473
CLSPN,0.8707932,0.7868382,-0.08395505,0.12271488
MRPS11,0.44857424,0.36462694,-0.0839473,0.069423035
FADS2,0.909963,0.993774,0.08381101,0.12379651
AHSA1,0.48257837,0.56636935,0.083790965,0.09388225
LEF1,1.2275401,1.3113182,0.083778076,0.12598851
TXNL4A,0.7133388,0.6295934,-0.0837454,0.092152014
C6orf62,0.4751034,0.55862045,0.08351706,0.103009485
ELF1,0.98209894,1.065326,0.08322705,0.10346543
TUBA1A,0.834342,0.9172977,0.08295569,0.11994951
WHSC1L1,0.6826949,0.7656103,0.08291535,0.10084661
MLF2,0.44449416,0.36158687,-0.082907304,0.07737113
STIP1,1.0692817,1.1521664,0.08288471,0.11336023
TLN1,0.7914857,0.70879894,-0.082686774,0.10044427
SNRPG,1.2303272,1.3129503,0.082623035,0.11075968
PDAP1,0.93030155,1.0129178,0.08261617,0.11226563
BMS1,0.7430767,0.82560575,0.08252906,0.10643874
MT-RNR1,2.7810776,2.698591,-0.08248665,0.13044424
MCM2,0.40273356,0.485153,0.08241943,0.09337705
IL32,0.52885103,0.61124855,0.082397506,0.105722465
UFC1,0.80834323,0.7259712,-0.08237199,0.09605888
PFDN2,1.3413309,1.259049,-0.08228178,0.10127815
GGNBP2,0.77575415,0.85803294,0.08227878,0.109662354
EEA1,0.41063341,0.49288768,0.08225425,0.10949137
TPX2,0.5984379,0.516247,-0.082190946,0.10563171
EMC3,0.48278528,0.4006836,-0.08210168,0.074045755
NUDT21,0.5803749,0.49829176,-0.082083136,0.077647075
AKR1B1,0.6631035,0.74513334,0.082029805,0.10796462
BOLA3,0.808678,0.7267112,-0.08196678,0.10300128
TMSB4XP8,0.6493597,0.7313205,0.08196077,0.11181772
PRDX5,0.96779007,1.0497501,0.08196005,0.09163835
SETD5,0.68341166,0.7653216,0.08190993,0.09586817
TMX1,0.6685779,0.58671486,-0.081863075,0.09206772
FYN,0.24361096,0.1617519,-0.08185907,0.043915946
PPP4C,0.82170707,0.7400958,-0.08161127,0.08994979
SBNO1,0.5153845,0.59695244,0.081567965,0.08686107
TMEM70,0.49858359,0.5801368,0.08155317,0.09626261
RBM39,1.5752065,1.6564115,0.08120505,0.11286921
HELLS,0.665547,0.58436275,-0.08118426,0.09741924
RPS12,3.2540188,3.172894,-0.08112488,0.11314994
SPCS2,0.8127616,0.7316678,-0.08109381,0.09315016
PSMB8,0.41049492,0.49148571,0.080990784,0.08759105
MIF,0.5905815,0.67150587,0.080924414,0.10703842
NDUFA11,0.96780294,0.8869272,-0.08087578,0.101155065
MAP7D3,0.44687033,0.52764314,0.08077283,0.09147436
YBX1,3.104871,3.1856115,0.08074037,0.08262496
MTATP6P1,1.242663,1.3233814,0.08071836,0.12795828
G3BP1,0.812231,0.8929261,0.08069512,0.10796321
BRCA1,0.6149653,0.6953088,0.08034346,0.11722255
RPL7L1,0.8805903,0.8003139,-0.080276415,0.10845785
ORC6,0.54392153,0.6241893,0.08026778,0.11338016
RABEP1,0.8004907,0.7204029,-0.08008776,0.094477616
PHF19,0.8067445,0.7268009,-0.07994359,0.107535645
MTF2,1.419163,1.339303,-0.07985995,0.13373145
TRMT10C,0.66110474,0.7409363,0.07983155,0.09586463
RP11-673C5.1,0.64227605,0.7218463,0.07957021,0.108028
CD1A,0.51509947,0.5946218,0.0795223,0.1006644
ATP5G3,1.7526516,1.6731362,-0.0795154,0.12387165
CD47,0.52613056,0.6055263,0.07939578,0.10361244
REST,0.8776375,0.7982437,-0.07939379,0.116463445
UBE2N,0.6227898,0.70218354,0.07939375,0.09689043
AKAP9,1.2562647,1.177004,-0.07926075,0.12528616
RGS10,0.486986,0.5662239,0.079237916,0.09549873
NIPBL,1.008081,0.92893016,-0.079150826,0.11834427
BRD2,0.92679876,0.8476932,-0.07910558,0.1025914
GPBP1,0.6096668,0.68877053,0.07910368,0.09043098
C21orf59,0.75334895,0.83235484,0.0790059,0.10905938
LINC00493,0.51207376,0.5910106,0.078936815,0.10027164
TERF2IP,1.4151505,1.4939364,0.07878592,0.11374331
SAFB,0.8272823,0.74854434,-0.078738004,0.09833892
CDC37,0.6353361,0.714022,0.0786859,0.0953549
CLEC2B,0.55412704,0.47556838,-0.07855866,0.08583718
RPL27,2.9515371,3.0300655,0.078528315,0.08259901
ZMYND8,0.5234725,0.6020003,0.0785278,0.09762893
HEBP2,0.5345422,0.45628765,-0.07825456,0.079313174
PRPF38A,0.5470599,0.6252624,0.07820247,0.092789344
RPN2,0.7589685,0.6808361,-0.078132376,0.108122475
CCT4,1.0503614,1.1283553,0.07799388,0.10817903
RBX1,1.2352686,1.3132534,0.077984825,0.11165041
TAOK3,0.7246892,0.64680994,-0.07787926,0.10619646
TKT,0.728242,0.8061095,0.077867486,0.10947536
DNTTIP2,1.4076079,1.3298498,-0.07775803,0.11990989
PSMD6,0.6534738,0.57597136,-0.07750241,0.09022101
ECH1,0.46277833,0.5402583,0.077479936,0.08071942
FAM133B,1.2543336,1.3313363,0.077002645,0.118227825
RPL38,2.8212926,2.744318,-0.07697454,0.099778175
TMPO,0.7572688,0.834124,0.07685526,0.1016374
ARPC1B,0.8070999,0.730274,-0.07682584,0.1002952
UQCRB,1.8105139,1.8872777,0.07676391,0.11166967
SF3A3,0.78362095,0.86026776,0.07664679,0.11091496
ZCRB1,1.2059271,1.2824296,0.076502495,0.10483355
XRCC5,1.6631732,1.7394544,0.076281205,0.12341579
BTF3,1.9823418,2.0584981,0.07615642,0.10818322
ATP1B3,0.54329455,0.46732414,-0.07597041,0.07875971
ACTB,2.4424546,2.5183704,0.07591583,0.119074635
PRKAR1A,0.4976781,0.42198974,-0.07568836,0.08394272
JTB,0.9858949,0.91025066,-0.075644255,0.10315546
TMED4,0.5063648,0.58185065,0.075485826,0.09953766
TFAM,0.7820432,0.7067063,-0.07533691,0.1049605
SSR2,0.67225975,0.59692544,-0.07533433,0.08746392
HSD17B10,0.55817294,0.6333858,0.07521285,0.090322085
MIR4435-1HG,0.63896006,0.56379485,-0.07516519,0.1131117
TCEAL8,0.44417304,0.5191064,0.07493336,0.099608235
PRDX1,1.9257874,1.8508618,-0.0749257,0.12450414
DECR1,0.48475856,0.40984106,-0.07491749,0.071315214
FAM162A,0.8191285,0.89394176,0.07481328,0.09587128
TNFAIP8,0.50042856,0.4256174,-0.074811175,0.083739944
DUSP1,0.04410506,0.118885495,0.074780434,0.048209522
NFKBIA,0.23891751,0.16415599,-0.074761525,0.052485514
C1orf35,0.37316987,0.44790635,0.07473647,0.09230278
NDUFB8,0.7514966,0.67678267,-0.07471393,0.09265377
RPS27,3.253278,3.3276815,0.07440354,0.08819061
LMAN1,0.66005605,0.73444307,0.07438699,0.11196063
CCDC88A,0.9608843,1.0352291,0.07434483,0.112561986
LARP7,1.1180109,1.1922385,0.07422762,0.1157664
N4BP2,0.5253283,0.45116577,-0.07416252,0.08649438
SMNDC1,0.6834865,0.7576401,0.07415363,0.10409444
CCP110,0.491819,0.5658418,0.07402278,0.09702625
C9orf16,0.5725021,0.49869257,-0.07380951,0.092907414
PPP1R12A,0.9918103,1.0655338,0.07372341,0.11793484
SH3BGRL,0.5606884,0.63421583,0.07352748,0.1115152
MRPS25,0.42585346,0.49936712,0.07351366,0.08862827
DOK2,0.22348998,0.15003338,-0.07345661,0.04526292
SRI,0.43977708,0.51308215,0.07330505,0.090628386
CCAR1,1.3907615,1.4640326,0.073271096,0.11096807
TMBIM6,1.6921842,1.6190281,-0.07315613,0.11701902
YWHAB,2.0574422,2.1303678,0.07292545,0.08894397
HBS1L,0.49426976,0.42138737,-0.07288238,0.07858176
E2F3,0.4895874,0.4167299,-0.07285749,0.08495642
ZCCHC11,0.7578318,0.83064634,0.07281455,0.11192059
IDH3B,0.41462046,0.48740652,0.07278606,0.08706925
TACC1,0.56639886,0.49375647,-0.0726424,0.09610488
MRPS36,0.75171757,0.6791243,-0.07259326,0.09808246
DNAJC2,1.0217407,0.9492715,-0.0724692,0.11045708
KIAA0101,0.92638427,0.998847,0.07246276,0.13026148
IL2RG,0.99128765,0.918848,-0.07243969,0.10633256
NDUFC1,1.3016742,1.3740815,0.07240727,0.109165154
RPL35,2.8772006,2.9495277,0.0723271,0.07982756
VRK1,0.7982773,0.87059325,0.072315924,0.101621106
IMMT,0.65079963,0.72309035,0.07229074,0.09281252
COX5B,1.2030364,1.2751939,0.07215753,0.10481114
OLA1,0.47522792,0.5473583,0.07213034,0.08497135
CEP63,0.74755055,0.8196171,0.07206657,0.11634034
MAP1LC3B,0.742464,0.8143405,0.07187644,0.10998785
UPF2,0.5053789,0.5771713,0.07179245,0.090525016
ENY2,1.2013017,1.1297692,-0.071532436,0.10835995
LSM5,1.1295658,1.0580974,-0.07146852,0.106778815
TCOF1,0.73322254,0.804528,0.07130543,0.09935159
THRAP3,0.91879743,0.9900955,0.07129806,0.11139994
POLR2I,0.61612177,0.68738204,0.071260266,0.103754625
FKBP3,1.1681014,1.2393256,0.071224205,0.12626496
PSME1,1.1151551,1.1861752,0.0710201,0.095352754
RP11-475J5.10,0.5667946,0.49579442,-0.07100016,0.07480053
NDUFAB1,1.1038138,1.0328228,-0.07099098,0.1112939
LRRFIP1,1.1193492,1.1902683,0.07091902,0.111869335
PSMC3,0.9887716,1.059544,0.07077235,0.10285694
VPS29,0.5704228,0.64099747,0.07057464,0.08862859
CCDC82,0.4703104,0.5408767,0.0705663,0.08914177
NME1,1.103693,1.1741822,0.07048914,0.11925054
MTPN,0.50725603,0.5777286,0.07047258,0.08673338
RPS15,2.868296,2.9387593,0.070463486,0.08012686
CTDSPL2,0.42248762,0.49285436,0.070366725,0.09232843
RAB7A,0.5458775,0.6161397,0.070262216,0.0976363
CTNNBL1,0.57938814,0.6494773,0.07008918,0.103019215
PFDN1,0.765026,0.69494164,-0.070084356,0.102217674
ATG3,0.5924247,0.6623342,0.0699095,0.09865679
GLRX3,0.6402494,0.71013755,0.06988817,0.09484867
PSIP1,0.72965574,0.7995225,0.06986675,0.10769449
GADD45GIP1,1.3650293,1.4348465,0.06981714,0.10506975
NFKB1,0.22427608,0.15448393,-0.06979215,0.05220756
LRRFIP2,0.6455446,0.57576984,-0.069774725,0.10374836
WDHD1,0.37647614,0.44622657,0.06975043,0.10077376
COMMD6,1.0094849,0.9397551,-0.069729775,0.1097372
LDLR,0.39523745,0.4649656,0.069728166,0.097598605
VDAC3,0.5362262,0.60591817,0.06969197,0.08711507
ARL6IP1,0.8097614,0.7401197,-0.06964169,0.10091949
MT-CO2,3.035767,3.105197,0.06942984,0.10770924
EIF6,0.6922721,0.62303686,-0.069235295,0.087458536
MT-ATP6,3.1522226,3.0831213,-0.06910137,0.13558598
BRD4,0.4911232,0.4220384,-0.0690848,0.0932082
LHX4-AS1,0.46714702,0.39806837,-0.06907864,0.08193399
RPS28P7,0.474596,0.40560213,-0.06899386,0.08425035
CENPW,0.64457166,0.5756484,-0.06892326,0.10060663
CDC6,0.31149915,0.38030103,0.06880188,0.094202586
NELFE,0.64660746,0.57781434,-0.068793096,0.09277554
WDR60,0.55004585,0.48131147,-0.06873437,0.08095336
CLPTM1L,0.41104263,0.47977334,0.068730704,0.08494176
CCDC34,1.0458913,1.1146077,0.068716444,0.12739597
PAPOLA,0.7238436,0.7924074,0.068563804,0.10737329
CWC27,0.7146349,0.7831962,0.06856131,0.109407485
ZC3HAV1,0.57485086,0.5064262,-0.068424635,0.09284129
TOX4,0.6702828,0.6018999,-0.06838286,0.08698267
CRNDE,0.73449385,0.80284417,0.068350345,0.09614884
EDF1,0.85798115,0.92628914,0.06830798,0.09700572
C1orf52,0.51457214,0.44627687,-0.06829528,0.093087934
PTGES3,1.036682,1.1049359,0.06825388,0.11527801
EIF3A,1.871463,1.8032545,-0.06820842,0.13753076
BID,0.48466918,0.552808,0.068138815,0.08628629
COX6C,2.31569,2.3838239,0.06813393,0.07320439
HP1BP3,1.2814361,1.2133952,-0.0680408,0.10810865
ATXN2L,0.5653955,0.49737656,-0.0680189,0.09404214
RRP7A,0.4495662,0.38169897,-0.067867234,0.076315776
PSENEN,0.4622369,0.39440313,-0.06783378,0.07100641
DKC1,1.0555968,1.1234133,0.067816466,0.12190404
TAF15,0.59616697,0.52843195,-0.067735024,0.09390539
POLR2H,0.53098565,0.5986323,0.0676466,0.095064096
HDGF,1.006085,0.9384814,-0.06760364,0.11436914
RP11-466H18.1,0.7627894,0.83035034,0.06756089,0.105588086
SNHG3,0.37883687,0.4463252,0.06748834,0.10324626
ARPC2,2.1848025,2.2522833,0.06748089,0.10252482
OCIAD2,1.2674733,1.3349488,0.067475475,0.10931617
PTPRC,2.0613444,1.9939063,-0.06743814,0.1253836
PDHA1,0.48378456,0.5512048,0.067420274,0.08457945
DGUOK,0.5925637,0.65992236,0.06735865,0.09463646
DNAJB11,0.8451841,0.777829,-0.06735509,0.09830834
IFI16,1.7043257,1.7716422,0.06731657,0.11389927
MED4,0.8786545,0.81138176,-0.06727272,0.09975607
SF3B4,0.50300676,0.57027686,0.0672701,0.09173505
TMED2,0.477673,0.41043237,-0.06724063,0.07762692
RPL10,2.940728,3.00791,0.06718206,0.10449063
ATP5G2,1.779828,1.8469628,0.0671349,0.106835924
PTP4A2,0.88094985,0.9480136,0.06706375,0.11266885
CFDP1,0.65954596,0.7265138,0.06696783,0.09747187
KRAS,0.46391743,0.39702588,-0.066891536,0.07850392
RAD50,0.7649156,0.8316691,0.06675353,0.11331075
SNORA76C,0.68475574,0.75145763,0.06670189,0.10944078
MED10,0.46581212,0.39921296,-0.066599175,0.07175999
KIF3A,0.7262408,0.6597147,-0.0665261,0.10631781
VPS35,0.4624654,0.5289362,0.06647082,0.08697748
LUC7L3,1.9074359,1.9738817,0.06644589,0.12030644
WHSC1,0.53263026,0.46626443,-0.06636582,0.08100311
MZT2B,0.90573835,0.8394209,-0.06631746,0.09509409
RALY,0.7287508,0.7950677,0.06631692,0.10838728
TRBV28,2.9040077,2.837808,-0.066199705,0.11302283
ACADM,0.7159257,0.6497451,-0.06618057,0.09742625
PINX1,0.4184823,0.3523463,-0.066136,0.07179379
CMC1,0.50011027,0.43410385,-0.06600644,0.0756165
H2AFZ,1.7976445,1.8634856,0.06584111,0.13230321
SUPT5H,0.66059715,0.726243,0.065645844,0.11180788
RPS3A,2.5565076,2.6221356,0.06562794,0.0814314
PDCD2,0.51170975,0.57723904,0.06552927,0.09500373
BUD31,0.74007213,0.6745584,-0.0655137,0.097581126
CDK12,0.55646914,0.49109662,-0.065372534,0.08810671
XIAP,0.4533397,0.51865005,0.06531036,0.092244014
SREK1IP1,0.82897246,0.89427406,0.0653016,0.095577024
METAP2,1.4388438,1.373563,-0.065280765,0.110612944
ITM2A,1.6296191,1.6947222,0.065102994,0.13008949
MBD4,0.5110037,0.57607985,0.06507616,0.09684253
UTP23,0.6973735,0.6323146,-0.06505889,0.10852897
PRPF6,0.70998317,0.7748984,0.06491527,0.106134355
PHF14,0.87217575,0.9370211,0.0648453,0.10413132
SRP19,0.590731,0.5259088,-0.06482221,0.085774355
CANX,1.2733988,1.3379865,0.06458777,0.12126349
KHDRBS1,1.242165,1.3066823,0.06451742,0.123130165
MTIF2,0.43128008,0.36683083,-0.064449236,0.07530632
ANKRD12,0.7762126,0.711772,-0.064440556,0.10642679
ROCK1,1.0710263,1.1353878,0.06436149,0.11679018
DSTN,0.62129307,0.68564165,0.06434858,0.09820151
EIF2AK1,0.43765363,0.5019251,0.06427148,0.08936654
IQGAP2,0.35088262,0.2866592,-0.064223416,0.062554516
S100A10,0.4993553,0.43526176,-0.06409353,0.0821
RPIA,0.49330193,0.55735373,0.06405178,0.08491564
FXR1,0.9510518,1.0150466,0.063994884,0.11412787
HAT1,0.57417035,0.5102517,-0.063918635,0.083879694
CWC15,1.5273789,1.5912294,0.06385051,0.1124681
CLPP,0.51934326,0.45573938,-0.06360386,0.083626404
GIGYF2,0.6928106,0.7563945,0.063583925,0.09583715
HSBP1,0.70582074,0.7693824,0.0635617,0.10391004
NUCKS1,2.3678849,2.304351,-0.063533895,0.09612205
STT3B,0.5143114,0.4508674,-0.063443966,0.095545016
CAPZB,0.8822422,0.94561577,0.063373595,0.11445703
TBRG1,0.67551744,0.61220926,-0.0633082,0.09912812
RUVBL1,0.41984126,0.48305023,0.06320897,0.09087742
USO1,0.45177266,0.38867536,-0.063097306,0.08065683
CEP152,0.58585787,0.6486033,0.06274545,0.11027044
ZC3H11A,0.6360756,0.6986193,0.062543675,0.105978064
DCUN1D5,0.4652271,0.5277674,0.06254035,0.08552367
MARS,0.7991321,0.86158854,0.062456436,0.10280983
CTCF,0.76496106,0.70252687,-0.062434215,0.10218756
LAMTOR1,0.45041326,0.5127488,0.06233553,0.09415076
TRA2A,0.489247,0.42700472,-0.06224226,0.07905002
FABP5,0.9227922,0.98500156,0.062209368,0.109561965
UBE2T,0.55117345,0.6132842,0.062110703,0.09430094
TXLNGY,0.50011235,0.5622,0.062087633,0.08736308
SSNA1,0.48169565,0.54375315,0.062057495,0.08865758
PPDPF,0.65184087,0.71386105,0.062020164,0.09556146
DARS,0.70190835,0.7638663,0.06195798,0.104551785
CMTM6,0.47559664,0.53740215,0.061805498,0.08978033
PRR11,0.35096094,0.28925344,-0.061707485,0.062186506
PPWD1,0.45495415,0.39324886,-0.061705306,0.07585041
GLTSCR2,1.1303946,1.1919162,0.06152171,0.11005062
ZNF106,0.732132,0.6706143,-0.06151769,0.095662154
SRSF10,1.0620195,1.0005184,-0.06150101,0.109172575
PSMB5,0.68740726,0.6260342,-0.061373055,0.10403987
ERBB2IP,0.57925624,0.6406177,0.0613615,0.10512035
IGF2BP3,0.5199619,0.45861605,-0.061345838,0.094043635
CD99,1.4210209,1.4822004,0.06117953,0.1188459
COA6,0.7067904,0.6456592,-0.06113115,0.10225234
PSAT1,0.5836678,0.64464337,0.06097555,0.10101605
PRRC2C,1.9213228,1.8603739,-0.060949013,0.114428654
DAP3,0.69503754,0.7559506,0.060913075,0.095376514
RAN,1.921273,1.9821224,0.060849458,0.1148083
SMC1B,0.5611754,0.6218847,0.060709268,0.11210891
PAICS,0.9399608,1.0006298,0.060669012,0.11767955
UBE3A,0.976861,1.0374804,0.06061936,0.10912722
CCDC59,0.97296214,0.9123548,-0.0606073,0.09742194
MCM3,0.65926516,0.7198669,0.06060171,0.115312465
EIF3J,1.2010192,1.2615283,0.06050914,0.10730769
UQCRH,1.6629701,1.6025091,-0.06046097,0.121990226
CHD8,0.63567024,0.5752483,-0.060421944,0.08736753
ANKRD26,0.67150176,0.731882,0.06038025,0.13026203
PSMD14,1.1371001,1.076725,-0.060375128,0.10326748
RAB2A,0.42972708,0.48997882,0.060251743,0.07614759
ZNHIT6,0.6355021,0.57564867,-0.05985344,0.09468252
PSAP,0.7146762,0.7744481,0.059771914,0.09186883
RPL37,3.0718155,3.1315434,0.059727937,0.08397245
SLA,1.1664481,1.1067854,-0.05966275,0.14081565
SNRNP27,0.6594033,0.59980345,-0.05959985,0.08864046
ATP1A1,0.48032314,0.53989017,0.059567004,0.08722277
PSMC6,0.46153083,0.40203556,-0.05949526,0.07706482
PNN,2.080862,2.1402197,0.05935765,0.10770761
GRPEL1,0.5854879,0.64481217,0.059324253,0.10639786
NUDC,1.2911148,1.2318236,-0.05929128,0.121151425
NARS,1.0718411,1.1310352,0.059194095,0.10685324
SPTY2D1,0.4601009,0.40094084,-0.059160043,0.07685055
RTF1,1.0624299,1.1215895,0.05915964,0.122436345
FRA10AC1,0.7686629,0.70953083,-0.059132084,0.10124868
KDM5A,0.64037144,0.58138895,-0.0589825,0.08924337
PFN1,2.4459004,2.3872876,-0.05861285,0.13432531
CD3G,1.6142509,1.6726348,0.058383938,0.11665634
MRPS23,0.48527095,0.4269769,-0.058294054,0.07764443
LAMTOR4,0.5696434,0.62793416,0.058290776,0.09349115
SUPT16H,1.321399,1.3796195,0.05822047,0.11725254
C17orf89,0.6597874,0.6015742,-0.05821323,0.090885624
WSB1,0.47231662,0.5304539,0.058137294,0.091731355
VIMP,0.609398,0.5512645,-0.058133483,0.0901268
MRPL37,0.57405347,0.51604176,-0.058011707,0.08156903
MT1X,0.33693668,0.2790418,-0.05789488,0.068213806
ANAPC11,0.80723774,0.865077,0.057839263,0.10238458
LAGE3,0.4678075,0.5255542,0.05774667,0.09619384
CCT8,1.2318316,1.1743296,-0.05750191,0.10521152
RPL36AL,1.7143731,1.7718179,0.057444766,0.116169214
CHAF1A,0.49184722,0.5492655,0.05741827,0.11035317
EEF1E1,0.5146068,0.57196695,0.057360195,0.086572
TOP2A,0.9921743,0.9348205,-0.057353847,0.14253992
MRPL15,0.5034582,0.5607604,0.057302207,0.09276127
RBBP8,0.65429896,0.597032,-0.057266947,0.0983238
CLIP1,0.43833658,0.38115788,-0.057178713,0.08613732
SHFM1,1.6730702,1.7301711,0.057100896,0.1141827
C16orf13,0.5160688,0.57315725,0.05708841,0.084320605
ACTR2,0.94116366,0.9982268,0.057063136,0.10589468
PMPCB,0.48097342,0.53802586,0.05705243,0.09374637
CHORDC1,0.6473734,0.7043012,0.056927815,0.09863245
SMARCB1,0.5070089,0.56389976,0.056890864,0.091590896
PHF20L1,0.7952489,0.852129,0.056880027,0.09342563
EIF2S2,2.0179832,2.0748472,0.056864027,0.12218805
MIER1,0.54815906,0.49129996,-0.056859095,0.08771305
CD2,0.8300693,0.8868686,0.056799307,0.12012331
DFFA,0.5838378,0.52704245,-0.05679537,0.09076711
PNISR,1.401042,1.344291,-0.056751013,0.10608059
PSMD12,0.96169573,1.0183799,0.056684177,0.10604442
PHF5A,0.54081964,0.5974809,0.056661278,0.08855136
FGFR1OP2,0.71663964,0.6599893,-0.056650314,0.0930913
PCNP,0.6205682,0.56397,-0.05659821,0.08832768
SRP72,1.1996402,1.2560208,0.05638064,0.11130001
RPL24,2.7871988,2.8435516,0.056352876,0.077442445
YWHAZ,1.6525735,1.5962296,-0.056343902,0.11097337
CYB5B,0.6418983,0.69803303,0.05613476,0.09571531
NUB1,0.6365016,0.6924357,0.055934083,0.100714326
PIK3R1,0.5279836,0.5837474,0.055763796,0.09885235
TAF1D,1.2633027,1.3188809,0.055578273,0.12513737
CCNK,0.44858122,0.5039142,0.055332985,0.08537181
MYL6B,0.48682588,0.4315521,-0.055273786,0.07796154
MRPL1,0.7924012,0.7371833,-0.055217896,0.09539037
MAGOHB,0.8111439,0.86629874,0.055154867,0.11230081
KNOP1,0.5933369,0.64847153,0.055134676,0.09082459
GOLGA4,1.1258469,1.1809692,0.0551224,0.1203051
C1orf43,1.0085409,0.953433,-0.055107884,0.103439875
SAP18,1.2839006,1.2289124,-0.054988306,0.11632057
LSM2,0.63507247,0.6898954,0.054822933,0.10003875
ECHS1,0.5935275,0.6483153,0.0547878,0.0982136
SUMO3,0.4831778,0.5379328,0.054755017,0.09507463
TRAM1,0.6268992,0.68161374,0.05471457,0.10036367
MND1,0.40343633,0.4581025,0.05466615,0.0962126
MRPL13,0.6228425,0.5682027,-0.05463982,0.08575075
PRMT1,0.6818606,0.6272655,-0.054595124,0.09475381
PSMB3,1.3109851,1.256477,-0.05450814,0.105626345
ANP32B,1.8765868,1.8221194,-0.05446742,0.12305097
MT-TY,0.4590768,0.51353765,0.05446088,0.10956863
CALM1,1.2865785,1.2321882,-0.054390296,0.114025615
MRPL52,1.1417186,1.1960863,0.054367695,0.11289209
ELP5,0.49893886,0.5532453,0.054306448,0.085612394
LSM1,0.44817495,0.50241554,0.054240584,0.09089751
GOLGA2,0.5180049,0.57224166,0.054236773,0.09779298
CDK5RAP2,0.53130573,0.47717533,-0.054130405,0.09466375
RPL36,2.2067497,2.1526415,-0.05410814,0.11893909
PFDN5,1.3593168,1.4133825,0.054065727,0.11127935
DDX52,0.7192722,0.66522694,-0.054045282,0.09063743
NSA2,1.0584949,1.0044508,-0.05404414,0.12279798
CCT2,1.5485855,1.6026082,0.054022722,0.11765283
TPR,1.0565941,1.1105852,0.05399106,0.11976995
RPL21,3.2011168,3.2549796,0.053862806,0.06395854
SLTM,1.8815607,1.8277204,-0.05384029,0.11139482
NEMF,0.693998,0.64038974,-0.053608246,0.10610949
ARL13B,0.42584735,0.37227854,-0.0535688,0.08186159
RELA,0.11195167,0.16549614,0.053544465,0.07244495
ZFAND5,0.48568162,0.5392033,0.053521667,0.09532187
ATRX,1.0259385,1.0793552,0.053416755,0.13173825
C4orf48,0.82940865,0.77602637,-0.05338226,0.10260532
ATPIF1,1.435554,1.488919,0.053364947,0.11215065
CCDC66,0.48119703,0.42785332,-0.053343717,0.08792412
VBP1,0.6955112,0.74883384,0.053322617,0.103247926
ATP5J2,1.0784702,1.1317923,0.05332211,0.12276884
CCDC25,0.7578014,0.7045447,-0.053256672,0.088798225
TMF1,0.6360236,0.5827755,-0.053248078,0.0923357
HLA-B,0.721586,0.6683512,-0.05323483,0.10395869
NDUFA1,1.4412502,1.4944232,0.053172946,0.117731765
SFSWAP,0.78118056,0.7280543,-0.05312626,0.10581417
TOP2B,0.5040217,0.5570821,0.05306044,0.08896215
MKI67,1.2087379,1.1557108,-0.053027,0.16229276
PSMD11,0.9761662,0.9232487,-0.052917454,0.09599344
MAGOH,0.92446846,0.97735184,0.052883383,0.105027005
CDK2AP2,0.6844518,0.6315739,-0.052877877,0.099766314
TAF9,0.5628727,0.51007277,-0.052799933,0.08844442
PSMC2,0.6453918,0.5926077,-0.052784123,0.0874274
GTF2A2,0.8451887,0.89793867,0.052749965,0.10295897
CWF19L2,0.49514008,0.44242734,-0.052712735,0.087634005
BECN1,0.4574035,0.40469828,-0.052705225,0.07740216
CENPF,1.3097715,1.362468,0.052696418,0.15002786
CEP95,0.60282856,0.6554824,0.052653838,0.10310819
GLO1,0.8659841,0.9184131,0.05242903,0.1013887
LSM6,0.70425344,0.7566472,0.052393816,0.096903846
PPHLN1,0.48250234,0.43016607,-0.05233627,0.08403843
RPL22,1.6202195,1.5679039,-0.052315637,0.11386754
MRPL18,0.4938238,0.54613847,0.052314643,0.094141014
TTF1,1.4171474,1.4694175,0.052270092,0.12288772
RPL7,2.8491292,2.7969625,-0.05216664,0.116197966
MED28,0.56568986,0.51356566,-0.052124187,0.09053904
CCDC47,0.7867952,0.73467386,-0.052121352,0.10203899
CDC123,1.1620219,1.1099243,-0.052097563,0.10939457
MRPS34,0.6095054,0.55742764,-0.052077796,0.087713964
BCL2L11,0.090061165,0.14208257,0.0520214,0.0500531
RPS27A,3.0884845,3.0364895,-0.05199513,0.106858864
WDR3,0.44942918,0.5013947,0.05196552,0.08646036
AURKAIP1,0.58150584,0.63344985,0.051944,0.09518163
CHMP2A,0.48128065,0.42957288,-0.051707786,0.08094664
NUDT5,0.663768,0.612155,-0.05161295,0.08752404
MRPL19,0.4769357,0.42538196,-0.051553756,0.07773059
POLR2G,0.7401666,0.7916761,0.0515095,0.09998495
KIAA1731,0.61707646,0.56561893,-0.05145752,0.10798478
C6orf48,0.56049955,0.61184454,0.051344972,0.09977328
UQCRFS1,0.68580407,0.73709685,0.05129278,0.08674157
MRPL39,0.66803616,0.61676675,-0.051269416,0.08785715
METTL9,0.4783354,0.5295534,0.05121801,0.087265834
TSTD1,0.6907672,0.6396839,-0.0510833,0.10136273
ZKSCAN1,0.76343083,0.8144622,0.051031366,0.10763253
MT-ND4L,1.4700322,1.5210342,0.051002033,0.11705779
CEBPZ,0.8728945,0.9238965,0.051001947,0.11683633
ZC3H14,0.53369117,0.5846526,0.05096144,0.09370266
CSDE1,1.5375357,1.4865782,-0.05095742,0.109486915
RCAN1,0.042695094,0.09351886,0.050823767,0.04627456
LPIN1,0.49002254,0.43922868,-0.050793864,0.082954936
SMS,0.50193304,0.45113933,-0.050793715,0.08952622
DEK,1.2080865,1.1573132,-0.050773293,0.11583757
TCERG1,0.9550722,1.0058086,0.050736424,0.118639275
PGK1,1.4648548,1.5155748,0.050719958,0.11500965
NR4A1,0.07916739,0.02850233,-0.05066506,0.0077424766
FDFT1,1.287684,1.3382933,0.0506094,0.14357379
NGFRAP1,0.80932546,0.85993403,0.05060855,0.098215096
APPL1,0.57921016,0.6297526,0.050542437,0.10166492
ETS1,0.72029775,0.7708091,0.050511368,0.11648525
HSP90AA1,3.1849284,3.2354043,0.050475895,0.08593078
CISD3,0.44413483,0.49457207,0.05043725,0.08765259
GNG5,1.3368608,1.3871793,0.050318435,0.11279919
TMCO1,1.0444065,1.094711,0.05030447,0.10992412
SMU1,0.4490739,0.49927717,0.05020326,0.09961997
WBSCR22,1.0515583,1.0014342,-0.050124064,0.11148318
RPL6,2.9860182,2.9359243,-0.050093926,0.08608543
MYL12B,1.3315239,1.3816147,0.050090797,0.103560604
RARS,0.82233757,0.87237245,0.05003488,0.11289408
CPNE1,0.51178914,0.56180966,0.05002053,0.088044465
RPS23,3.1581137,3.208043,0.049929358,0.093953565
PRIM1,0.48896477,0.53880197,0.049837187,0.09760857
PARK7,1.1661832,1.2159399,0.049756657,0.10082608
PPIL4,0.6488761,0.59912413,-0.04975192,0.09140194
IP6K2,0.7065715,0.7562193,0.049647793,0.0985707
EMC6,0.52167445,0.57117206,0.04949761,0.08689522
ESD,0.89786464,0.94732565,0.049461,0.10800373
GZMA,0.40613484,0.35673848,-0.049396362,0.10292367
MRPS18B,0.6063896,0.6557665,0.049376935,0.09775965
THOC2,1.3922447,1.4415876,0.04934286,0.12980196
FNBP4,0.76564646,0.7163275,-0.049318988,0.102449894
YWHAH,0.46520314,0.5144511,0.04924794,0.0788915
SNHG5,2.0557163,2.1047883,0.049071964,0.119458385
RIF1,0.61038625,0.5613272,-0.04905901,0.09029646
NUDT1,0.43900818,0.38996097,-0.049047202,0.07461997
TUFM,0.5621368,0.6111538,0.049016938,0.10056851
TMED9,0.72541285,0.6764428,-0.048970036,0.08959539
PSMD4,0.8356078,0.88450223,0.048894398,0.11661188
PARP1,1.2276441,1.2764403,0.048796155,0.12665468
SECISBP2,0.5377251,0.48894623,-0.04877886,0.07950532
SEPT11,0.39744753,0.34867793,-0.048769593,0.07253128
FTH1,2.5427833,2.5914252,0.04864191,0.101355016
RNASEH2C,0.62900233,0.5803881,-0.048614185,0.08165829
IL2RA,0.15440707,0.10579749,-0.048609577,0.034509968
BDP1,0.92240155,0.8738663,-0.048535243,0.12984543
FADS1,0.6213466,0.66985786,0.048511285,0.11158762
MACF1,0.9923834,1.0408902,0.04850684,0.12915526
RPS28,2.5984452,2.5499628,-0.048482418,0.12765324
TOMM20,0.6223787,0.6708502,0.0484715,0.1034264
TMEM208,0.5809845,0.53254217,-0.048442293,0.085514836
RPS16,2.9191,2.9674616,0.04836153,0.0963
KPNB1,1.4898351,1.5381045,0.04826934,0.104187615
SCAND1,0.61510986,0.6633547,0.04824483,0.10230523
HAX1,0.71537584,0.7635686,0.048192725,0.093952306
GTSE1,0.34962156,0.30143738,-0.048184175,0.06956479
RPS10,1.6575768,1.609415,-0.04816174,0.1199608
HMGN5,1.0480205,1.096175,0.048154462,0.12395312
ANKRD17,0.49982366,0.451739,-0.04808466,0.07724484
LARS,1.2290833,1.2771263,0.04804297,0.12149512
WAPAL,0.5910186,0.54303014,-0.047988452,0.086248346
CAPRIN1,0.47331202,0.42535138,-0.047960643,0.08302387
HMGCR,0.5955408,0.5476149,-0.047925975,0.10418378
BZW1,1.2290564,1.2769632,0.047906842,0.10925052
MRPL24,0.45537442,0.40746826,-0.047906145,0.08291632
EMC4,0.96823263,1.0160983,0.047865614,0.11250847
VAPA,0.6495554,0.6973622,0.04780682,0.0923715
HIST1H4C,2.4847045,2.5324893,0.047784686,0.18589078
GTF3C6,1.0194885,0.97173315,-0.04775531,0.10674762
BIRC5,0.39132154,0.34359556,-0.047725976,0.07913703
WBP4,0.6107136,0.65842605,0.04771243,0.09856772
ATP5B,1.4472975,1.39959,-0.047707394,0.11121105
CDC73,0.48673508,0.5343024,0.04756731,0.09733821
BTG1,0.4989454,0.45141357,-0.047531817,0.08940547
UBE2L3,0.84719956,0.89454234,0.04734278,0.11891125
COMMD3,0.5073278,0.55465883,0.047331013,0.08719174
BRD8,0.97494763,0.9278232,-0.047124453,0.12408988
SRSF1,0.60182095,0.64889514,0.04707417,0.10987992
RHOH,0.37781563,0.42485115,0.047035523,0.082556434
CASP8,0.39097846,0.43800467,0.047026232,0.08169978
RPL15,2.865565,2.912533,0.046967924,0.10676076
SRSF6,0.59135145,0.5443881,-0.04696331,0.09038433
MT-CYB,2.7904668,2.8374286,0.04696183,0.1318638
STAG2,0.8323077,0.7854328,-0.04687489,0.098146185
DHRS7,0.60817015,0.5614525,-0.04671764,0.10188771
CLTB,0.5439927,0.4972948,-0.046697892,0.08637242
STAU1,0.46190202,0.41522515,-0.046676878,0.071889296
MAPRE1,0.5010173,0.547691,0.046673704,0.08309304
GTF2F1,0.861799,0.8154335,-0.046365514,0.10521311
H2AFY,1.3969042,1.4432288,0.046324626,0.121051915
NFAT5,0.10545451,0.15159407,0.04613956,0.06668274
SMC1A,0.85445887,0.9005843,0.046125386,0.10688435
COPB2,0.59593666,0.6420423,0.04610562,0.09395077
C11orf48,0.6931941,0.7390927,0.045898594,0.103293754
NDUFV1,0.41239017,0.3665762,-0.04581398,0.069583155
H1FX,0.7375408,0.7832915,0.045750745,0.10616618
TSR2,0.5480939,0.59381944,0.045725517,0.103819765
ETF1,0.6446335,0.599121,-0.04551248,0.088883884
CAPZA1,0.6677163,0.6222129,-0.045503423,0.09194253
SFXN1,0.5558367,0.6013304,0.04549373,0.08872571
GSPT1,0.7802363,0.7349097,-0.045326617,0.0965171
FUS,1.7366208,1.781876,0.04525517,0.10470104
SF3A1,0.4925719,0.53771514,0.045143254,0.09121607
ACIN1,1.4775414,1.5226073,0.045065876,0.12428044
MT-CO1,2.9427695,2.9877687,0.044999167,0.1128177
MTHFD2,0.8115613,0.8565118,0.044950493,0.1126654
P4HB,0.5133233,0.46842548,-0.044897813,0.077264465
DHX30,0.48751226,0.44264433,-0.04486793,0.07468049
SNRPA,0.5086631,0.55352366,0.044860546,0.0969037
ANKRD49,0.40839157,0.36356777,-0.04482378,0.085756384
EIF2A,0.49981442,0.45520964,-0.04460478,0.083964474
UQCRC2,0.5931264,0.54854155,-0.044584863,0.09159977
SRSF7,0.78973633,0.83431554,0.04457919,0.10677949
NBN,0.5451965,0.5897481,0.044551592,0.10205298
RPAIN,0.9346625,0.9791893,0.044526745,0.09727351
ACAP2,0.553644,0.59815323,0.04450922,0.08919512
PAIP2,1.3351591,1.3796599,0.044500884,0.119532354
ICE1,0.5179728,0.5624225,0.04444971,0.0862663
CDC5L,1.1128405,1.1572342,0.04439371,0.11874324
DNAJC7,0.7199131,0.76428837,0.044375256,0.107339434
FARSA,0.35398993,0.3983554,0.044365454,0.0841031
UTP3,0.5656527,0.6100038,0.044351127,0.089583986
MSN,0.6526729,0.696984,0.044311084,0.10438088
LMNB1,0.8404269,0.7962095,-0.044217415,0.11540437
ZNF33A,0.48167807,0.5258233,0.0441452,0.090243526
HNRNPC,2.1711676,2.2153044,0.044136696,0.12018494
PPP1CA,0.91320604,0.9573271,0.044121116,0.100968264
SNRPN,0.5246641,0.4806729,-0.043991193,0.08762652
SEPT7,1.4636965,1.4197488,-0.04394774,0.11454751
MRPS14,0.42420083,0.38026807,-0.04393276,0.065438405
ABCE1,0.6642276,0.7081294,0.043901775,0.09728354
PLEKHA1,0.46824524,0.51208293,0.04383767,0.094035424
NFATC2IP,0.48317686,0.5270059,0.043829076,0.09061359
FKBP2,0.57875335,0.53495604,-0.04379731,0.08215844
PCNT,0.52087724,0.5646691,0.043791804,0.099893816
COPZ1,0.46832666,0.51209736,0.043770704,0.08873321
UBC,1.2318392,1.2754118,0.043572716,0.11514258
DCTPP1,0.4542313,0.4978039,0.043572612,0.08652179
NFATC3,0.12673077,0.17026688,0.043536115,0.061435547
TMSB10,2.2580209,2.2145588,-0.043461986,0.12334534
MT-ATP8,2.2494292,2.292869,0.043439977,0.11323624
RP11-750B16.1,0.46621913,0.5094033,0.043184187,0.105451226
NDUFA12,1.1766242,1.2198061,0.043181945,0.10768931
HDDC2,0.65606105,0.6992406,0.043179575,0.10361693
CALR,1.3588215,1.3156922,-0.043129288,0.1251779
HDAC1,0.9916967,1.0348094,0.043112695,0.106552236
MSL3,0.49682972,0.5399324,0.04310273,0.08741026
CASP3,0.3657743,0.40879935,0.043025058,0.07743831
AKAP13,0.41105765,0.368071,-0.042986665,0.08108753
BRD9,0.6257603,0.66866404,0.042903725,0.104179434
TRIP11,0.51201594,0.5547545,0.04273856,0.09785739
CORO1A,0.75815344,0.71547955,-0.042673882,0.098649286
DNMT3A,0.54650176,0.5039707,-0.042531088,0.09842561
LSM14A,0.5101391,0.5526673,0.04252823,0.086044714
ECHDC1,0.58025163,0.5377557,-0.042495895,0.079689465
ZAP70,0.5167384,0.55923146,0.042493057,0.093118586
MLEC,0.9550667,0.91262394,-0.04244273,0.1048614
SEC61G,1.2691462,1.3114415,0.042295344,0.096724145
NRD1,0.7519586,0.7097599,-0.04219871,0.09632932
REL,0.27801228,0.2358705,-0.04214178,0.052452903
MRPS15,0.5473197,0.58944654,0.042126838,0.09080688
AASDHPPT,0.51342976,0.4714531,-0.041976657,0.08716403
CENPE,0.514626,0.556543,0.041916974,0.11762853
HAUS1,0.752164,0.7940078,0.041843746,0.11718176
ITM2B,0.8223995,0.8642228,0.0418233,0.106458135
SEC13,0.7369474,0.6951402,-0.04180726,0.08969591
ZC3H18,0.49332094,0.5350746,0.04175363,0.08558861
CCDC167,0.6019652,0.56021655,-0.041748635,0.08486179
GLRX,0.49704283,0.5387479,0.04170508,0.09887449
MCM10,0.3661074,0.3244625,-0.041644912,0.077595964
RSRC2,1.2773591,1.3189731,0.041613948,0.11337207
CEP135,0.46083105,0.41925147,-0.041579578,0.09048269
LAMTOR2,0.51893824,0.4773916,-0.041546628,0.08021497
COX4I1,1.7562267,1.7977712,0.04154453,0.10338884
DENR,0.9304601,0.971991,0.041530903,0.10915367
TIPRL,0.62663865,0.58525765,-0.041380975,0.09170781
STAT5A,0.13124782,0.17253909,0.041291274,0.071460605
ACP1,1.2694635,1.2281926,-0.041270923,0.119985804
Cas9_blast_gene,0.5303088,0.571508,0.04119922,0.09933703
SAP30BP,0.48841336,0.52959174,0.04117837,0.09479246
PCMT1,0.6299918,0.5889781,-0.04101374,0.09608854
SUPT4H1,0.5691153,0.6100846,0.040969294,0.08955008
TRMT112,1.241959,1.2828863,0.040927306,0.10225216
CHMP4B,0.54319197,0.5841109,0.040918924,0.09416797
JUN,0.27439505,0.23348658,-0.04090847,0.110377416
TOX,0.89835596,0.8575327,-0.040823262,0.11565167
POLR2B,0.66695005,0.7077177,0.04076769,0.11229481
MTND2P28,0.5618025,0.6024725,0.04066995,0.11485124
TIMM17A,0.44991413,0.4905789,0.040664766,0.097052746
MDH1,0.66219246,0.7028438,0.04065133,0.10813473
FAM136A,0.6609046,0.70147747,0.040572893,0.09072091
USP14,1.1925321,1.232935,0.040402863,0.111793734
NASP,1.4780288,1.5184177,0.040388893,0.13494599
CCDC137,0.6461684,0.68655497,0.040386565,0.11556341
TRAPPC1,0.530786,0.57105434,0.040268343,0.08455431
FOS,0.056651447,0.016420707,-0.04023074,0.0
STAT1,0.2583263,0.21820414,-0.040122155,0.05547916
PLCG1,0.1210117,0.16104868,0.040036984,0.058322262
WDR83OS,0.6052457,0.6452583,0.040012598,0.09322594
SLIRP,1.6276339,1.6676307,0.039996684,0.12559469
RPL8,2.5255156,2.4855905,-0.039925065,0.1042858
DCAF8,0.49692732,0.4570161,-0.039911203,0.08511322
C2orf49,0.45116243,0.41129607,-0.039866354,0.07532191
CENPN,0.48376915,0.4441927,-0.03957643,0.07778186
SET,2.0762444,2.1157987,0.03955444,0.11118509
RPL13P12,1.0600123,1.0995603,0.039547924,0.13288318
PRC1,0.47109613,0.43158674,-0.039509382,0.09243663
CBX3,2.4255202,2.4650102,0.039490104,0.13413048
PTPLAD1,0.5968085,0.63612974,0.039321214,0.09431749
RPL3,2.8628993,2.8237169,-0.03918246,0.105717435
ODC1,0.44378594,0.40460777,-0.039178167,0.09440715
EBAG9,0.7230752,0.68398565,-0.039089553,0.10758866
NDUFB1,1.0370631,1.076092,0.039028898,0.11642302
PRPF4,0.40496388,0.44377545,0.038811564,0.09728681
CSTB,0.6679384,0.6291322,-0.03880621,0.09816678
HNRNPD,2.1404781,2.1792498,0.038771544,0.124134794
ANP32E,1.5054457,1.5441898,0.038744114,0.11280561
MRPL32,0.6010085,0.5623342,-0.038674273,0.085053384
RP11-40C6.2,0.5019108,0.54047173,0.03856092,0.09360218
CD164,0.76064444,0.722098,-0.038546443,0.10198245
HMGCS1,1.3796514,1.3411335,-0.038518,0.15275697
MTCH2,0.7115653,0.7500683,0.038502973,0.097770855
ROMO1,1.5377587,1.5762275,0.038468815,0.10709085
HSP90AB3P,0.52741283,0.5658444,0.038431566,0.090191826
PHAX,0.6398935,0.6014756,-0.038417894,0.08210396
SNRNP70,0.4697534,0.5081197,0.038366273,0.090155125
AKR1A1,0.50328577,0.46512347,-0.038162276,0.085468896
PHF3,0.68317294,0.7213247,0.038151737,0.10905205
ATP6V1E1,0.44278392,0.40464684,-0.038137067,0.077199474
AK2,0.5355574,0.49746528,-0.038092118,0.08300191
MTDH,1.1705179,1.2085752,0.038057387,0.113074265
RNF181,0.62657654,0.66462785,0.038051333,0.09151721
EIF3E,1.1902255,1.2282206,0.03799508,0.094142415
ARF1,0.94403434,0.9819736,0.03793925,0.10689443
XRCC6,1.3388968,1.3767879,0.037891123,0.11568338
RBM28,0.78413165,0.82188815,0.037756477,0.103783004
RRP15,0.76684266,0.72918844,-0.037654214,0.09179846
ZNF638,0.74100703,0.70336527,-0.037641767,0.10363966
PEBP1,1.4688416,1.5063951,0.037553515,0.12236344
SRM,0.53977454,0.5022679,-0.03750666,0.07664665
USP10,0.629686,0.59221077,-0.03747521,0.099271886
YWHAG,0.47043276,0.5077689,0.03733616,0.09166503
TACC3,0.30525506,0.34257445,0.0373194,0.09457428
GRSF1,0.4606364,0.49779016,0.037153747,0.09063937
ISG15,0.4044812,0.3673279,-0.037153304,0.074709676
SNRPF,2.0389004,2.076013,0.037112627,0.12492108
CKS2,0.80673534,0.84380525,0.037069917,0.11102723
ZNF207,0.59767896,0.5606158,-0.03706319,0.095084384
PIN4,0.7999201,0.83693534,0.037015274,0.093336605
DNAJA2,0.49373436,0.45673448,-0.036999866,0.09268183
BAX,0.16266297,0.1257051,-0.03695787,0.037726816
PTPN6,0.30207634,0.3389833,0.036906954,0.08157439
TARS,1.2329143,1.1960915,-0.03682285,0.118779376
PSMB2,1.3357756,1.372427,0.036651336,0.10674971
NIFK,0.70810217,0.74470776,0.036605623,0.09309082
POLR2L,1.1133546,1.1498836,0.036529094,0.12147494
EIF1AY,0.8989034,0.8624258,-0.03647762,0.11845069
HIGD2A,0.56949764,0.53327173,-0.0362259,0.08463901
YWHAE,1.9118743,1.9480376,0.036163297,0.097827435
PWP1,0.9360489,0.97214764,0.036098745,0.1239927
DDX27,0.6980307,0.66197133,-0.03605938,0.0952078
C12orf57,1.3359921,1.2999742,-0.036017943,0.11565192
TTC14,0.5810217,0.61698276,0.03596101,0.105023086
RP11-620J15.3,0.7183544,0.7542313,0.035876863,0.114220805
SRSF5,0.940228,0.97608817,0.035860185,0.11104413
KIF2A,0.65519524,0.6193551,-0.035840124,0.10318531
CNOT2,0.57152385,0.6073625,0.03583864,0.09661492
ARL6IP5,0.44757673,0.41178608,-0.035790663,0.077174045
RPL26,2.6265645,2.6623461,0.035781667,0.1145662
PPID,0.5611821,0.5254222,-0.03575987,0.08691978
ISG20L2,0.4038724,0.43963027,0.03575788,0.083833404
RP11-889L3.1,0.5011754,0.53691417,0.035738748,0.093476966
UCHL5,0.60157853,0.6371517,0.03557316,0.11016808
WDR33,0.60895866,0.573405,-0.035553645,0.09019263
HNRNPA1,2.338736,2.3742733,0.03553735,0.11501024
SPDL1,0.6394602,0.6042027,-0.035257522,0.09556536
RBM3,1.6734753,1.638285,-0.035190262,0.11232074
SEC11C,0.6430175,0.67819786,0.035180397,0.09809522
ACSL4,0.43219024,0.39709917,-0.035091065,0.07635244
CDC20,0.25601423,0.22103348,-0.034980737,0.06919037
HNRNPA2B1,2.8659406,2.900913,0.03497236,0.09166746
NOL7,1.4528211,1.4877447,0.034923594,0.107036315
NDUFA9,0.49584645,0.5307618,0.034915343,0.087170735
XPA,0.49682298,0.46193594,-0.034887046,0.08335
ATP5G1,1.109968,1.0751489,-0.034818962,0.107261136
RPS15A,2.588844,2.6235428,0.03469875,0.101015285
XPC,0.41314554,0.4478298,0.034684274,0.087878235
PDCD1,0.04032108,0.0749612,0.03464012,0.03710028
TTC19,0.474308,0.50892764,0.034619637,0.10053785
CD3D,2.8059895,2.7714615,-0.034528084,0.08664762
NOLC1,1.3312205,1.3656976,0.034477122,0.12548572
GTPBP4,1.4601599,1.4946145,0.034454603,0.11852413
DDX6,0.5085847,0.47415215,-0.034432527,0.082600616
PPP2R5C,0.9804025,0.94603074,-0.034371767,0.101505384
TYW3,0.71713614,0.6828136,-0.034322537,0.099762976
POLR1D,0.695579,0.7298964,0.03431746,0.101150684
HHIP,0.4285711,0.46286353,0.034292422,0.08895936
SMDT1,0.47459042,0.44038564,-0.03420478,0.08934537
PSMD1,0.95247257,0.91830057,-0.03417198,0.1036125
SNRPA1,0.66792786,0.702069,0.03414112,0.09664977
AC007969.5,0.7910872,0.8251464,0.034059174,0.11476231
MTIF3,0.48348504,0.51744676,0.033961695,0.08672219
RPA3,1.0030725,0.96913826,-0.033934265,0.0974651
TOMM7,0.96854895,0.93472147,-0.033827513,0.11605034
ARPC5L,0.6821052,0.6483157,-0.03378946,0.10271823
NOP16,0.56495064,0.53137666,-0.03357401,0.08565457
BCLAF1,0.92759293,0.96113753,0.033544593,0.1071767
NOL8,0.8267744,0.7932722,-0.033502225,0.10539376
GHITM,0.8755417,0.8420542,-0.03348749,0.103549436
SCP2,0.5734542,0.5400299,-0.03342434,0.07903304
DCTN3,0.49349475,0.52687335,0.033378627,0.08226198
CKLF,1.1783882,1.1450781,-0.033310223,0.11340748
PPA1,1.0160923,1.049391,0.033298712,0.113305435
PRDX3,0.7388101,0.77210677,0.033296637,0.09506284
RPL4P4,0.45417953,0.48744637,0.03326684,0.09227289
XRN2,1.2416543,1.2748817,0.03322743,0.116361216
SEC62,1.0183109,0.9851344,-0.033176467,0.11444221
FAM111B,0.43174598,0.39857906,-0.033166923,0.089262985
RAE1,0.47427607,0.4412278,-0.033048257,0.084404774
CTD-2287O16.1,0.4378881,0.404855,-0.03303306,0.08360364
CMC2,0.5372144,0.5043191,-0.032895304,0.09361072
ZNF480,0.39340326,0.4262246,0.032821335,0.08141892
PPIB,1.4901899,1.4573779,-0.03281194,0.12437176
GPX4,0.806244,0.8390328,0.032788828,0.09065036
TAX1BP1,1.0832027,1.1159143,0.03271162,0.11736225
CALM3,0.75348306,0.72080314,-0.03267992,0.10851308
SNHG6,1.1086953,1.1412926,0.032597337,0.11287205
UQCR10,1.2932798,1.3258306,0.032550775,0.116362415
ZCCHC9,0.5645655,0.532057,-0.03250849,0.080871955
BAG1,0.40850177,0.4410065,0.032504745,0.089023836
SRPK1,0.4828241,0.515305,0.03248089,0.08550792
NDUFS3,0.5696448,0.5373191,-0.032325678,0.09599559
USP8,0.6211106,0.65341014,0.03229952,0.09810845
AK6,0.49024013,0.52252114,0.032281,0.099900864
SMARCA5,1.7874327,1.8195959,0.032163307,0.09266454
PPP2CA,0.80724907,0.83939224,0.0321432,0.09510078
CCDC43,0.6187204,0.5865922,-0.032128215,0.09331005
TMEM50A,0.72029895,0.68832475,-0.031974185,0.10137461
MBNL1,0.64579993,0.6776227,0.031822734,0.09726808
SEPT1,0.6829664,0.6511685,-0.03179789,0.106067576
PAXBP1,0.47093293,0.43914592,-0.03178701,0.08342509
MATR3,2.0603356,2.092113,0.031777445,0.11421094
PSMC3IP,0.362146,0.39386278,0.03171681,0.08949175
NUTF2,0.9021487,0.8706291,-0.031519625,0.10380965
RPLP0,2.8064005,2.8377478,0.031347223,0.06863203
NDUFB6,1.1755548,1.2068889,0.031334188,0.109345615
MAP4K4,1.1646131,1.1958935,0.031280346,0.12356762
UBE2Q2P6,1.176236,1.1449583,-0.03127772,0.11225529
DLEU2,0.58078635,0.612029,0.031242674,0.0975443
CDC16,0.41668847,0.38548172,-0.031206759,0.08543851
CHCHD7,0.46366256,0.49485335,0.031190779,0.08125769
PSMA2,1.3251328,1.2940085,-0.031124324,0.12086034
CD3E,1.1475198,1.1786349,0.031115012,0.11132773
GMNN,0.81868505,0.78758323,-0.031101849,0.11704087
SSR3,0.5197749,0.55085856,0.031083647,0.09529554
BRIX1,0.8784428,0.9093683,0.030925468,0.11373445
TMEM97,0.6804562,0.6496154,-0.030840812,0.119091265
PPP1CB,0.41786084,0.38703614,-0.030824685,0.07368564
NSD1,0.44213673,0.41135588,-0.030780854,0.08276311
RSBN1L,0.5828424,0.61359286,0.030750483,0.08409588
NDUFAF2,0.6194959,0.65015084,0.030654907,0.09902544
ZNHIT1,0.69993144,0.6693613,-0.030570125,0.10116326
RALBP1,0.799192,0.76867527,-0.03051675,0.1006336
MRPS16,0.5292876,0.49889636,-0.030391226,0.08229904
BCAP31,0.5334649,0.50315547,-0.030309428,0.082271084
PFDN4,1.1000769,1.1303192,0.03024238,0.10770071
VDAC2,0.58449554,0.6146592,0.03016365,0.09424452
SP140L,0.42355165,0.39339775,-0.030153913,0.08688389
RPS25,3.0385668,3.0686448,0.030077893,0.0597014
ZC3H13,1.5947388,1.6247702,0.030031333,0.12702884
MORF4L2,0.6797316,0.70975596,0.030024348,0.10458653
FBL,1.0080206,1.0380236,0.030002972,0.119492784
MT-ND4,2.8884716,2.858636,-0.029835777,0.13454819
PPP4R2,0.80001646,0.77026737,-0.02974909,0.09201275
UBXN4,1.4659233,1.4956559,0.029732581,0.11253327
SPG21,0.4459696,0.4756864,0.029716793,0.09003459
HNRNPA0,0.90200627,0.9317071,0.029700793,0.10410375
PRPF40A,1.7661365,1.7364982,-0.029638276,0.11716271
RPL36A,2.065022,2.0945725,0.029550657,0.11360876
ATP5D,0.539343,0.5098108,-0.029532222,0.08233691
IKZF1,0.50485647,0.5343854,0.029528942,0.094872706
MBP,0.4862778,0.45682713,-0.029450657,0.08250002
PBRM1,0.48934937,0.4599227,-0.029426677,0.07602101
EXOSC8,0.8836069,0.9129433,0.029336393,0.12381577
SETD2,0.6299259,0.6007438,-0.02918215,0.09783177
HSPA8,1.8457704,1.8166145,-0.029155906,0.15104796
ALDOA,1.3239479,1.294808,-0.029139822,0.11080522
MRPS9,0.47782215,0.4487069,-0.02911525,0.07724022
CWC25,0.6016636,0.63076425,0.029100627,0.09984581
CLINT1,0.7171075,0.7461174,0.029009959,0.10024865
RIOK2,0.4918146,0.5205649,0.028750278,0.091433026
GBAS,0.4951873,0.46651846,-0.028668838,0.08587479
CD3EAP,0.3611487,0.38979718,0.0286485,0.08002394
PSMB7,1.3103693,1.3389722,0.028602934,0.100233726
NOSIP,0.5211025,0.5496933,0.028590785,0.089335956
SLC4A1AP,0.46432918,0.43577316,-0.028556013,0.084836446
TRMT6,0.72865456,0.7571999,0.028545326,0.09494859
UBE2V2,0.7437629,0.77223045,0.028467527,0.09797797
FCF1,0.5174166,0.48899913,-0.028417453,0.08635474
PGD,0.48221943,0.5106061,0.0283867,0.087580726
PDIA3,1.5052865,1.4769061,-0.028380373,0.13392167
BEX1,0.9253321,0.95360595,0.028273834,0.12745135
HINT1,2.2270184,2.1988347,-0.028183803,0.10223929
MRPS31,0.47151047,0.44356784,-0.027942618,0.08057468
TSPAN7,0.57172906,0.59948653,0.027757475,0.09326915
CNIH1,0.5859027,0.5583673,-0.02753538,0.09108186
COX6B1,1.3255408,1.3530717,0.027530853,0.10706178
SH2D1A,0.65139246,0.67889726,0.02750482,0.10533895
IK,1.3488674,1.3761735,0.027306091,0.11448264
DCAF13,0.62108374,0.6483454,0.027261646,0.09787853
CIAO1,0.47843874,0.4511958,-0.027242938,0.07991729
COPS5,0.52772695,0.500539,-0.027187932,0.08770292
RPL4,3.020433,3.047587,0.027154049,0.09410826
ZCCHC7,0.42839408,0.40125218,-0.0271419,0.08795832
NDUFS7,0.688431,0.66133934,-0.027091699,0.09538945
NUP50,0.48732504,0.51439905,0.027073985,0.093490645
RPS29,3.1856396,3.1585934,-0.027046196,0.1259907
TSR1,0.75273526,0.77974975,0.027014494,0.10799031
RPL5,2.9970305,2.9700868,-0.026943594,0.121826835
TNFAIP3,0.14046678,0.11360112,-0.026865657,0.040629596
MUS81,0.42948467,0.45625567,0.026771024,0.08682636
BUB1,0.31556,0.3421667,0.026606685,0.081411496
ESCO1,0.47889483,0.45233542,-0.026559405,0.07920582
SMCHD1,0.52809936,0.55465746,0.026558114,0.08645815
DHX9,0.98750806,1.0140189,0.026510833,0.10904213
NOP56,1.8730803,1.8466619,-0.026418304,0.14509085
RPS13,3.1533213,3.1797094,0.026388252,0.06839719
ST13,0.77740055,0.7510573,-0.026343215,0.097003356
SATB1,0.6274445,0.6537742,0.026329713,0.10485683
ABCF1,0.9265121,0.95282584,0.026313713,0.11137213
UBB,1.7464072,1.7727067,0.026299616,0.134807
PSMD7,1.2495986,1.2233578,-0.026240867,0.100649066
UQCRC1,0.673221,0.69945,0.026229015,0.089433335
TRIP12,0.56573707,0.53951675,-0.026220337,0.087416194
CCDC18,0.42288247,0.44906768,0.026185226,0.09535931
RPL26L1,0.6823336,0.7084867,0.026153078,0.10523813
SRP14,2.0462184,2.0201054,-0.026112951,0.10353427
ACTG1,2.7478397,2.7217276,-0.026112104,0.08079381
SDF2L1,0.8551161,0.829008,-0.026108168,0.12117449
DDX39A,0.64387035,0.6699424,0.02607202,0.09845082
RP11-112J1.1,0.46432686,0.4903339,0.026007047,0.09369676
CEP57,0.65526545,0.6292884,-0.025977079,0.102425635
DNAJA1,2.1261826,2.1521592,0.025976654,0.13155894
RPS24,2.9377787,2.9118664,-0.025912317,0.065634616
MOCS2,0.5024843,0.47660944,-0.025874877,0.08485304
GARS,1.0875686,1.0617474,-0.025821226,0.11628235
EEF2,1.2802728,1.3059781,0.025705164,0.10933237
FIP1L1,0.6540628,0.62837654,-0.025686244,0.08999395
ITSN2,0.5680049,0.59367776,0.025672825,0.11511404
CEP104,0.4634913,0.4378494,-0.025641883,0.08572811
PRMT2,0.49290723,0.51854324,0.025635999,0.090816505
MIS18A,0.62908626,0.65469086,0.025604634,0.11094607
ROCK2,0.44863778,0.47423127,0.025593502,0.08965002
SMCO4,0.4751954,0.50078595,0.025590539,0.08931072
RPS14,3.35704,3.33158,-0.025460085,0.09526264
C8orf59,0.8205654,0.8459025,0.025337122,0.10042056
DHX29,0.5043508,0.5296235,0.025272742,0.094973944
UBE2K,0.87890756,0.9041661,0.025258519,0.1082049
EIF4G2,1.5303723,1.5051433,-0.025228973,0.1270974
ERH,1.3552839,1.3803427,0.025058815,0.10906024
RBM25,2.300245,2.3252978,0.02505289,0.11712302
KIAA1143,0.52325594,0.5482585,0.02500252,0.09048183
CSPP1,0.5490932,0.57406783,0.024974626,0.09446692
SF3B1,1.2587895,1.2338446,-0.02494487,0.12311829
DANCR,0.5043066,0.47939718,-0.02490944,0.09620728
ATAD5,0.5316622,0.5565199,0.024857674,0.09112542
DDX42,0.46477446,0.48961052,0.024836065,0.09857612
SRSF9,1.0195245,1.0442077,0.024683282,0.11053459
MRPL33,0.7947508,0.77007,-0.024680786,0.10858293
EIF5B,2.1843271,2.2089355,0.024608446,0.09428976
SEMA4D,0.580147,0.55558944,-0.024557611,0.094113305
RPS13P2,0.64622194,0.6707763,0.024554394,0.10000225
TXNL1,0.5555157,0.53100926,-0.024506478,0.09089991
ZEB1,0.42293987,0.39854303,-0.024396827,0.0795251
SRP54,0.5062102,0.48184106,-0.024369145,0.082150094
APBB1IP,0.6473038,0.6716216,0.024317823,0.10215725
MZT2A,0.6586663,0.6828911,0.024224743,0.09410661
STRBP,0.5593717,0.5834647,0.024092976,0.091980554
MRPL14,0.60666615,0.58259237,-0.024073761,0.08004307
DAZAP2,0.586571,0.5624991,-0.024071898,0.08140276
JAK2,0.04081614,0.064881265,0.024065128,0.0464207
TOP1,1.4107771,1.3867247,-0.024052342,0.12553567
SEPHS2,0.4671892,0.44321525,-0.023973951,0.07631258
SUMO1,0.82752746,0.85147226,0.023944788,0.09859299
RPL10A,2.2885754,2.3124485,0.023873126,0.114852704
NAP1L1,2.1477222,2.1714883,0.02376612,0.10277509
DUT,1.1621393,1.1384593,-0.023680026,0.122440144
EEF1D,1.2115078,1.1878583,-0.023649465,0.09932584
MRPL9,0.5673116,0.5436695,-0.023642058,0.091820076
JAK1,0.34442347,0.32079667,-0.02362682,0.07583676
ADSS,0.51832944,0.4947494,-0.023580046,0.09260783
RNF168,0.885878,0.90940976,0.023531709,0.11950803
KIF15,0.421856,0.4453746,0.023518609,0.11232376
RRM1,0.76251334,0.7390296,-0.023483751,0.11089386
PSMD2,0.87380207,0.8504228,-0.023379244,0.10098771
PITPNB,0.5368806,0.5135025,-0.023378143,0.0858186
ARID4A,0.44618803,0.42282817,-0.023359857,0.08056524
MYH10,0.48915994,0.51251656,0.02335664,0.087550804
RPL27A,2.9601545,2.9834373,0.023282735,0.08039128
PSMC4,0.6091006,0.6323249,0.023224281,0.08926461
CIB1,0.65487444,0.6317629,-0.023111518,0.087916516
PLEKHO1,0.3881333,0.36510786,-0.023025423,0.08194878
PSPC1,0.47887418,0.50184447,0.022970293,0.08323429
SMC5,0.78544426,0.7625193,-0.02292498,0.106834434
RPL37A,3.1844401,3.1615865,-0.022853531,0.094588585
HSPB1,0.5927752,0.61562294,0.02284773,0.09825466
TSN,0.44545802,0.46820077,0.022742737,0.08537743
RP11-864N7.2,0.59217614,0.569625,-0.02255114,0.09921855
RAD21,1.8329366,1.8554817,0.022545129,0.12495358
ITGA4,0.57335454,0.5958973,0.0225428,0.09405504
DCAF7,0.41127926,0.4337765,0.022497235,0.08543307
USP7,0.7968891,0.81936044,0.022471309,0.116120584
ATF6,0.58752036,0.56505376,-0.022466611,0.097225524
MYEF2,0.4511276,0.42866477,-0.022462822,0.0850727
COPS6,0.7113595,0.7337899,0.02243042,0.111647286
RBM48,0.75747705,0.73506397,-0.022413066,0.115342796
BOD1L1,0.9090409,0.9314417,0.02240079,0.12597263
NOP58,1.7234476,1.7011223,-0.022325277,0.13767533
RPS17,2.9151356,2.9374282,0.022292601,0.11096357
RAD23A,1.1735367,1.1958109,0.02227423,0.11024075
PSMC1,1.1512868,1.1735511,0.02226424,0.10260862
PFKP,0.43781275,0.41558835,-0.022224389,0.08004379
LAMTOR5,0.88299656,0.860815,-0.022181574,0.105809264
COA1,0.43582356,0.41368455,-0.022139013,0.089985
PSMD13,0.7132518,0.69115305,-0.022098782,0.09965991
SETX,0.7124497,0.69035494,-0.022094803,0.10919678
SSR4,0.80360526,0.8256493,0.022044051,0.1010587
NDUFB2,1.4092364,1.4312223,0.021985892,0.11709927
TPRKB,0.84535897,0.8233852,-0.021973787,0.09890532
PHGDH,0.5477104,0.5258579,-0.021852518,0.08753501
RELB,0.052988596,0.031140057,-0.021848539,0.015766565
GRB2,1.1080867,1.0862514,-0.02183529,0.12032211
FAS,0.066330165,0.044529103,-0.02180106,0.020367285
HLTF,0.44386056,0.4656592,0.021798655,0.090934075
CUL5,0.65015495,0.67193335,0.021778401,0.10885743
SUV420H1,0.41794214,0.43971244,0.021770295,0.10123939
THOC7,0.6689873,0.6907186,0.021731332,0.08756546
RNPS1,0.8096038,0.83130157,0.021697765,0.115560815
ITM2C,0.52357125,0.50191367,-0.021657597,0.09075026
MFF,0.51366025,0.53529584,0.021635586,0.08886935
EIF3G,0.7179704,0.6963948,-0.021575565,0.09351063
RBM8A,1.705806,1.6842523,-0.021553723,0.112410024
SPCS3,0.6049195,0.62643266,0.021513173,0.09385087
YTHDC1,1.0351096,1.0565708,0.02146111,0.108167686
SNRPB,1.6958276,1.6743942,-0.021433344,0.12241288
POLR2J,0.69095856,0.712391,0.021432454,0.10474335
NAA38,1.0077575,0.98637205,-0.02138547,0.10051788
DDT,0.59270114,0.6140846,0.021383481,0.09118903
COMMD8,0.45605132,0.43476984,-0.021281471,0.07885166
RPAP2,0.52705556,0.5059623,-0.021093238,0.08777355
RBM5,0.67490894,0.6538267,-0.021082234,0.10949892
PAF1,0.47845107,0.49948683,0.021035757,0.087696075
SYNE2,0.85346967,0.87447417,0.021004478,0.11815346
EIF1,2.9050536,2.884051,-0.021002445,0.0665497
SRRM1,1.5043573,1.5253315,0.02097417,0.11779551
NCL,3.0398662,3.018928,-0.020938106,0.117186226
STAT5B,0.17054568,0.1496148,-0.02093089,0.05812889
PRDX6,0.5315684,0.5106532,-0.020915207,0.079239555
UBE2D2,0.67124844,0.6503651,-0.020883335,0.09741419
PRR13,0.53863287,0.5594976,0.020864753,0.09625799
ISCU,0.7699747,0.79076695,0.020792244,0.112091795
PHPT1,0.43049186,0.4098444,-0.020647462,0.08066081
SNRPD3,1.139052,1.159611,0.020558933,0.1164512
C14orf2,1.6848447,1.7053447,0.020499928,0.11080826
ZNF292,0.5616935,0.582193,0.020499505,0.09608559
OST4,1.3216138,1.3420205,0.020406721,0.11470531
FAU,2.5942848,2.6146622,0.020377515,0.10676207
NFATC1,0.09155909,0.07124582,-0.020313272,0.02958332
DYNLRB1,0.7755804,0.7552967,-0.020283716,0.10166103
VPS4B,0.75035036,0.7706225,0.020272162,0.10607719
C19orf70,0.4406549,0.46089816,0.020243272,0.08073759
CAP1,0.7806871,0.76044726,-0.020239823,0.093283795
PPP1R7,0.6513425,0.63114935,-0.020193135,0.08763175
HSPA4,1.0351876,1.0553576,0.02016994,0.099182986
RB1,0.5061949,0.52636266,0.020167781,0.08187373
RCN2,0.48523688,0.50532407,0.020087188,0.08461727
SEC63,0.8282995,0.80832106,-0.01997849,0.10144169
SREK1,0.9309417,0.95090824,0.019966554,0.10938887
GPATCH8,0.47941795,0.45955732,-0.019860627,0.08333794
C20orf24,0.4398398,0.41998032,-0.019859506,0.084501274
NUSAP1,0.64823246,0.6284071,-0.019825347,0.12014062
PDCL3,0.73972625,0.71997863,-0.01974759,0.10245084
SLK,0.61042655,0.6300666,0.019640036,0.09297653
CCT3,1.0648566,1.045265,-0.019591656,0.11480931
PET100,0.78561926,0.80514574,0.019526511,0.10134155
FANCI,0.5244904,0.5051168,-0.01937358,0.09299964
KRT10,0.8073687,0.8266616,0.019292861,0.11230947
RPL28,1.7460784,1.7652466,0.019168206,0.11431162
NOL11,0.49325675,0.5122882,0.019031487,0.08778216
NAE1,0.8846508,0.8656383,-0.019012524,0.10999376
VDAC1,1.0282173,1.0092778,-0.018939551,0.1104301
B2M,2.220589,2.239505,0.018916186,0.11782063
ASRGL1,0.47412747,0.49302244,0.01889498,0.08773553
RPF2,1.0625387,1.0814105,0.018871825,0.11580366
SCAF11,1.148351,1.1295513,-0.018799614,0.12213838
ATP5O,1.1773696,1.158581,-0.018788524,0.10545657
C1orf131,0.74222636,0.7610064,0.018780058,0.091241516
LAT,0.119098894,0.1004073,-0.018691588,0.043038435
LCP1,1.655302,1.6739708,0.018668737,0.10171056
NEDD8,0.93225026,0.9135975,-0.018652737,0.10132712
RPS4Y1,1.0295742,1.0482067,0.018632503,0.11406399
SNRNP25,0.60028565,0.61888295,0.018597286,0.088642485
UPF3B,0.87297684,0.85449094,-0.018485922,0.11300409
RBPJ,0.46396005,0.4824078,0.018447742,0.08304751
SNHG8,0.63562685,0.61718273,-0.018444145,0.10716442
FAM204A,0.72528005,0.7068414,-0.018438641,0.09766308
PCCB,0.50660324,0.48821047,-0.018392758,0.079623595
SSB,1.3718517,1.3902088,0.018357119,0.11458506
PSMC5,0.8382367,0.8198834,-0.01835331,0.101272695
NDUFAF3,0.6737244,0.6554443,-0.018280081,0.10485359
NKTR,0.9426407,0.9609145,0.018273775,0.10936783
BRD7,0.8382189,0.8199535,-0.018265435,0.09495844
CMTM3,0.6345472,0.61635554,-0.018191615,0.10461306
TTC3,0.78803366,0.76984996,-0.0181837,0.10609691
COPE,0.56170505,0.57982624,0.018121183,0.0906713
PPP1CC,0.50188357,0.48378706,-0.018096505,0.086740434
RRM2,0.52613485,0.50806093,-0.018073944,0.10427938
SOCS1,0.07949512,0.0614244,-0.018070716,0.028430587
NDUFS6,1.1906214,1.1726164,-0.018005034,0.11012904
MRPL51,1.1722146,1.1543415,-0.01787314,0.12355296
USP1,1.2933687,1.3111811,0.017812358,0.14466651
SFT2D1,0.6274172,0.6452069,0.017789712,0.09571745
ADAM10,0.60171044,0.5839328,-0.01777765,0.08261479
NHP2,1.2728975,1.2906355,0.017737946,0.11450013
NSRP1,1.1597484,1.1774838,0.017735405,0.11833857
EGR3,0.024936961,0.0072281044,-0.017708857,0.0
C12orf45,0.5161575,0.53383255,0.017675046,0.086895846
SLC25A6,1.2410414,1.2587061,0.017664718,0.11744438
FAM63B,0.44886437,0.4665154,0.017651025,0.082900345
FYB,0.80790097,0.79026484,-0.017636146,0.12403556
MRPL20,1.0869468,1.1045237,0.01757676,0.109147586
ATP5L,1.9453945,1.9278338,-0.01756076,0.117681615
SIT1,0.6351743,0.6524943,0.01732004,0.10890023
CCT7,0.98991024,1.0069171,0.017006857,0.120541826
RPS19BP1,0.5391925,0.55616826,0.016975788,0.09831773
EIF3H,1.3740475,1.3571078,-0.016939726,0.11025775
INSIG1,1.4970125,1.5139049,0.016892487,0.15134859
PTMA,3.612546,3.6293495,0.016803514,0.099743344
NFE2L1,0.53498226,0.5517037,0.016721398,0.09587848
RPL14P1,0.53185046,0.54853994,0.016689483,0.100176625
TXNDC17,1.199316,1.1826551,-0.016660953,0.10306638
IL2,0.02341989,0.006788373,-0.016631518,0.0
RNF7,0.65684,0.6402679,-0.016572107,0.09875882
RCOR1,0.49091536,0.50743186,0.01651653,0.08303295
SKA2,0.54184395,0.52534616,-0.01649782,0.08606561
ZWINT,0.45886496,0.4753057,0.016440742,0.0890881
MRPL3,0.62374634,0.60734737,-0.016398944,0.09698774
ZMAT2,0.9676679,0.95136213,-0.016305737,0.106734455
NDUFA4,1.809863,1.8261203,0.016257314,0.10743563
SGOL1,0.38786054,0.37162906,-0.016231474,0.08679114
BAZ1A,1.194826,1.1786245,-0.01620144,0.11771655
CCDC58,0.7486901,0.7648867,0.016196573,0.09749863
DYNC1I2,0.5680556,0.55202067,-0.016034964,0.10247069
MYB,1.2896302,1.3056508,0.016020617,0.112604216
FAM32A,0.8736917,0.85769707,-0.015994627,0.10761129
MVD,0.44263938,0.42664957,-0.0159898,0.0892393
MEA1,0.7020604,0.7179974,0.015936976,0.10015147
CKAP2,0.46880263,0.45293304,-0.01586959,0.09059105
TIMM8B,0.9462142,0.93035555,-0.015858669,0.10735457
PAGR1,0.50714105,0.49135932,-0.015781738,0.07800324
POLR2K,0.8393431,0.8237654,-0.015577654,0.09870587
BLOC1S6,0.573089,0.5886366,0.015547559,0.0899732
TTC1,1.181662,1.166186,-0.01547594,0.10160744
DNAJC9,0.8699682,0.8544997,-0.015468448,0.115670465
TMEM258,1.2843068,1.2996922,0.015385359,0.109041296
CCDC12,0.66645324,0.68182176,0.015368512,0.09162017
CFL1,2.0515406,2.066738,0.015197253,0.12389829
KIAA1524,0.36842635,0.35329375,-0.015132597,0.07488803
RPL32,3.0316932,3.046751,0.015057909,0.108925045
NABP2,0.49382433,0.50882,0.014995666,0.0994527
RPS19P1,0.5256874,0.54065716,0.01496974,0.1026513
MRPL22,0.83843416,0.82347095,-0.014963222,0.10196914
HADHA,0.6782122,0.66325927,-0.014952936,0.10182636
MCM7,0.71298957,0.69814247,-0.014847117,0.10364454
ASH1L,0.44415945,0.42939383,-0.014765614,0.077585295
ABRACL,1.2330556,1.2183273,-0.014728259,0.120820485
ARHGAP30,0.9755484,0.9608352,-0.014713149,0.11365143
EIF4E2,0.49555057,0.48092124,-0.014629339,0.10012955
ATP5J,1.649621,1.6642351,0.014614059,0.111762576
C11orf58,1.4436321,1.4290404,-0.01459171,0.118949905
RPS7,3.0875885,3.1021452,0.014556747,0.10153752
SKP1,1.5757306,1.5612272,-0.014503329,0.09924356
NDUFB9,1.4569172,1.4424324,-0.0144847045,0.10567701
GLOD4,0.49632987,0.5107975,0.014467625,0.07992577
TMOD3,0.5008789,0.5153421,0.014463244,0.08164958
CISD1,0.5357036,0.5501389,0.014435265,0.08470043
BCAT1,0.7693614,0.75493217,-0.014429213,0.117234446
G3BP2,0.69302917,0.6786135,-0.01441571,0.10139937
LDHB,2.2785666,2.2642,-0.01436661,0.12443573
CHEK1,0.5219696,0.5076305,-0.014339097,0.09739345
URI1,0.4643128,0.47865158,0.0143388,0.09429292
SUGP2,0.41891488,0.40462607,-0.014288811,0.076416
RAB14,0.5789544,0.5646846,-0.014269764,0.08999877
RPS9,2.2921352,2.3063908,0.014255541,0.08987026
DLGAP5,0.36041138,0.37461945,0.01420807,0.093220316
ITK,0.10386137,0.08978219,-0.014079177,0.038037963
CASC15,0.5348667,0.52083427,-0.014032431,0.107132696
ATIC,0.66589636,0.6799174,0.014021045,0.08913331
GSTO1,1.0054115,0.9914156,-0.013995902,0.10506529
RBM23,0.4536679,0.46756685,0.013898949,0.080400534
APRT,1.1540508,1.1401798,-0.013871035,0.10363434
CASC5,0.45241696,0.43861485,-0.013802103,0.09451164
HNRNPUL1,0.43668902,0.45047346,0.013784431,0.078398004
UBAP2,0.5806334,0.56685865,-0.013774781,0.09318072
EIF4A2,0.72306997,0.7093755,-0.013694442,0.10188339
BBC3,0.019220868,0.0055712657,-0.013649602,0.0
PRKDC,0.720757,0.73439586,0.013638865,0.10929879
PAFAH1B1,0.7036058,0.69004756,-0.01355823,0.105272695
FAF2,0.4570234,0.4705753,0.013551882,0.07840062
CMAS,0.6218538,0.60830396,-0.013549849,0.09097002
SQLE,0.98083186,0.994365,0.013533088,0.124357544
ILF2,1.0282028,1.0417182,0.01351548,0.103947595
DDX21,1.6938338,1.6804805,-0.013353364,0.12881795
HSPB11,0.46714225,0.48043954,0.0132973,0.08639679
EIF3B,0.4491531,0.43585676,-0.013296327,0.08006761
MIS18BP1,0.4379239,0.4512067,0.013282803,0.09652178
TNRC6A,0.44818002,0.4349003,-0.013279713,0.08461179
SERP1,0.7859744,0.7727614,-0.013212962,0.099177934
GART,0.45977286,0.47295347,0.013180623,0.08725561
CENPV,0.54180896,0.5549845,0.013175543,0.09218802
GNB1,0.45298094,0.4398793,-0.013101639,0.08490717
OAZ1,1.7190572,1.732126,0.0130687505,0.10100222
MRPL47,0.81732786,0.8042961,-0.013031798,0.09850991
ESCO2,0.44421002,0.43119696,-0.013013068,0.10184406
ZNF326,0.8783926,0.8912408,0.01284818,0.11056668
AIMP1,0.7059155,0.69310313,-0.01281237,0.10003446
EXOSC3,0.5115908,0.49880585,-0.012784921,0.08704323
MRTO4,0.50756466,0.4948938,-0.012670868,0.0849605
STRAP,0.6977214,0.71036476,0.012643312,0.09919939
JUND,0.17681634,0.16420878,-0.012607556,0.056708638
CDCA7L,0.42625037,0.41367155,-0.0125788255,0.07968608
PCBP2,1.1549181,1.1674776,0.012559545,0.11131264
RUNX2,0.0393965,0.051872075,0.012475574,0.02950362
ORMDL1,0.48822367,0.47574937,-0.012474297,0.08505172
SH3KBP1,0.8183603,0.80588716,-0.012473154,0.11449836
MPHOSPH10,0.9995706,1.0120267,0.012456011,0.11678832
ASUN,0.46573097,0.4781819,0.012450932,0.09067233
GPATCH4,1.4383886,1.4259521,-0.012436456,0.12110063
ACTL6A,0.47526085,0.4876832,0.0124223605,0.08529775
MRPL42,0.59278697,0.6051984,0.01241144,0.09291162
RPS20,2.9131002,2.925467,0.012366869,0.08253686
SSU72,0.45340514,0.46574396,0.012338805,0.096864894
SMARCAD1,0.55303633,0.56523883,0.01220251,0.10661607
ADI1,0.4551912,0.46737826,0.01218706,0.08096874
ZNF131,0.48364928,0.47147828,-0.0121709965,0.09049637
CDK4,0.54394233,0.53189504,-0.012047293,0.08179825
LEO1,0.9794618,0.96747327,-0.011988499,0.1190234
TPM4,1.3211143,1.33308,0.011965769,0.12064014
FUBP1,0.9136603,0.9256176,0.011957261,0.11769418
HSP90AB1,3.281318,3.2932,0.01188196,0.09198005
SLBP,0.66696507,0.6552081,-0.011756965,0.10175699
NUFIP2,0.5794511,0.567767,-0.011684077,0.08402751
DNMT1,1.3602389,1.3719218,0.011682849,0.13360038
STAT3,0.33943638,0.32780412,-0.011632267,0.07081794
RFC4,0.522639,0.5110177,-0.011621305,0.09588958
CPSF2,0.6601846,0.6486553,-0.0115293255,0.08743166
PSMA3,1.2176223,1.2291478,0.011525474,0.12083495
SRSF11,1.7593831,1.7708484,0.011465283,0.11297833
CTD-3035D6.1,0.41000625,0.42142272,0.0114164585,0.08435269
RPS11,2.7386565,2.7272406,-0.011416014,0.108039595
SNRPE,1.7310152,1.7197193,-0.011295887,0.11354367
NDUFB3,0.84828347,0.8595157,0.011232268,0.10523016
CTC-425F1.4,0.3515672,0.34036833,-0.011198872,0.07452882
RPL9,2.663622,2.674802,0.011180162,0.11162525
TMEM167A,0.5186472,0.5074683,-0.011178893,0.089806095
DDX50,0.47523314,0.4641118,-0.011121348,0.080445
JUNB,0.15718903,0.16830216,0.011113136,0.067252524
SMARCC1,1.2623985,1.2513881,-0.011010428,0.119028114
RNASEH1,0.49465466,0.48367038,-0.010984269,0.092109986
GCC2,0.7689186,0.7579796,-0.010939021,0.105538286
EVL,0.70958424,0.72045666,0.010872439,0.11819268
RP11-425L10.1,0.59215903,0.6029041,0.010745074,0.10398935
EIF3K,0.93773097,0.9270942,-0.010636756,0.09646304
YEATS4,0.49878368,0.48816055,-0.010623127,0.08391764
RPL3P4,0.93854123,0.9279969,-0.010544355,0.12118702
NPM1,2.7816997,2.7922387,0.010539148,0.09014294
RSL1D1,1.9106766,1.900278,-0.01039862,0.12417898
LSM8,0.5279293,0.5175589,-0.01037043,0.08528371
SPCS1,1.0940717,1.1043756,0.010303805,0.112650886
FAM49B,0.52664286,0.51642096,-0.0102219,0.08743828
TMEM106C,0.7063889,0.6962208,-0.01016806,0.101368606
RPL18A,1.8180231,1.8281872,0.010164123,0.12625028
PFDN6,0.6433466,0.6535015,0.0101548955,0.10164579
DYNLL1,1.3035903,1.2934687,-0.010121626,0.10722565
GATA3,0.6598041,0.66991043,0.010106303,0.10560988
ARHGDIB,2.267182,2.277178,0.009995996,0.10615585
MYL6,1.8521724,1.8421845,-0.009987785,0.11502294
PPAPDC1B,0.5083208,0.49840274,-0.00991807,0.086189635
NONO,0.9799287,0.9898274,0.009898727,0.118944235
TRBC2,2.0084345,2.018251,0.0098165255,0.11628707
RPL35A,3.1556976,3.1654823,0.009784695,0.08140979
JARID2,0.67371845,0.6835028,0.009784314,0.104020014
COX20,0.8011664,0.8108979,0.009731446,0.100686505
IWS1,0.86678994,0.876445,0.009655044,0.11550949
LSM3,1.1893572,1.1797107,-0.009646367,0.10867568
ZNRD1,0.60767615,0.5980656,-0.009610558,0.09165764
EXOSC9,0.8678398,0.8582627,-0.009577119,0.09964998
GNB2L1,2.8508844,2.8604128,0.009528358,0.062239636
C19orf48,0.43140262,0.44086796,0.009465331,0.07869782
PABPC4,0.84504473,0.85450286,0.009458135,0.11773078
GPALPP1,0.42869526,0.4192699,-0.009425374,0.08092417
YBX3,1.0054582,0.99607396,-0.009384273,0.10850074
EIF3F,0.9321059,0.9228896,-0.009216316,0.10685595
HNRNPF,1.0039289,0.9947572,-0.009171702,0.11738658
MRFAP1,0.54670876,0.53753924,-0.009169501,0.095212676
C22orf39,0.43984237,0.4490074,0.009165014,0.07683396
NDUFA2,0.722944,0.73206145,0.009117396,0.102471635
MRPL21,0.87813264,0.8872381,0.009105459,0.096587576
TPI1,1.2847552,1.2756655,-0.00908967,0.10452671
HSPA9,1.5464318,1.5555006,0.009068845,0.102713384
SYAP1,0.5381869,0.5471738,0.008986898,0.088444665
C12orf75,0.96599364,0.974952,0.0089583695,0.11550187
TMSB4X,3.9128547,3.9217424,0.008887681,0.06348057
USP11,0.3780704,0.38695157,0.008881141,0.0793298
CCNE2,0.27861667,0.28749624,0.008879576,0.07368208
HNRNPU,2.5497992,2.5586782,0.008879047,0.11030972
TPT1,2.7715242,2.780377,0.008852803,0.12148273
CYCS,2.0161576,2.0074315,-0.008726158,0.1122892
SLC38A1,0.5680513,0.559512,-0.008539238,0.090391226
COX6A1,1.8277013,1.8361729,0.008471598,0.12461774
PRKRIP1,0.5505865,0.5421574,-0.008429101,0.094433025
LDHA,1.2608315,1.2692325,0.008400995,0.13034697
ATF4,1.1606905,1.1690881,0.008397609,0.10630495
SF3B5,0.6462671,0.65452963,0.008262498,0.093895495
PDCD5,1.0108801,1.0026469,-0.008233164,0.104663916
BAK1,0.0388054,0.030593017,-0.008212382,0.020113703
EPRS,1.0218475,1.0299985,0.008151006,0.10998931
MT-ND2,2.7846107,2.79273,0.008119345,0.11299525
FXYD2,0.511317,0.50321627,-0.008100742,0.09777902
PSMA4,2.006402,2.01449,0.008087853,0.11888886
RPL12,2.7142868,2.7062407,-0.008046202,0.11237883
TMEM237,0.50286573,0.51087743,0.008011705,0.107376754
EIF3M,1.3467959,1.3387992,-0.007996678,0.11566299
C8orf33,0.63065356,0.6226763,-0.00797725,0.09804722
MRPS7,0.65262955,0.644665,-0.007964551,0.09585871
LLPH,0.6240654,0.63199824,0.007932848,0.09265374
FDPS,1.4356555,1.4434148,0.007759388,0.1350662
TMEM123,0.49815163,0.5059083,0.0077567003,0.0871112
HLA-C,0.7263427,0.7186362,-0.0077064782,0.0984603
FOSB,0.010820694,0.0031364332,-0.007684261,0.0
COX5A,1.2484989,1.2408618,-0.007637145,0.109771945
MYEOV2,0.98294955,0.9753782,-0.0075713675,0.098068014
SRP9,1.1196398,1.1271051,0.0074653784,0.11224515
SEPT2,0.45024303,0.44278076,-0.0074622673,0.08587615
JAK3,0.019155465,0.011721715,-0.00743375,0.008598427
CIRBP,0.6678159,0.660397,-0.007418902,0.091414675
C1QBP,1.4817873,1.4743819,-0.0074054417,0.111031376
HIRIP3,0.6427172,0.6353944,-0.007322775,0.09600186
ANKRD36,0.52609843,0.53341293,0.007314479,0.093107484
GZMH,0.010248596,0.0029706075,-0.0072779884,0.0
ELAVL1,0.48507774,0.49232534,0.007247601,0.08552068
PRF1,0.015244712,0.022471622,0.00722691,0.018501515
SYNCRIP,1.0020308,0.9948091,-0.007221739,0.10669302
PSMB1,1.4000059,1.4071769,0.00717086,0.10353961
IQGAP1,0.7276508,0.72049016,-0.0071606594,0.08919238
RTFDC1,0.48234093,0.4894191,0.0070781833,0.08577893
AC012146.7,0.53896385,0.5319311,-0.0070327446,0.085387096
HECTD1,0.46796197,0.46093163,-0.0070303315,0.089804634
EPC1,0.56269866,0.56971234,0.0070136967,0.08962993
GSTP1,2.3338652,2.3268979,-0.0069673476,0.090662725
SSBP1,1.6003201,1.5933651,-0.006954988,0.107071765
STAMBP,0.4207058,0.4137828,-0.006922988,0.07979601
SOCS3,0.0026461668,0.009523131,0.006876964,0.01220359
TIMM44,0.49605817,0.50292885,0.0068706707,0.09313298
HNRNPR,1.8431064,1.8498776,0.0067712,0.12168151
LSG1,0.6207244,0.61395603,-0.006768364,0.08627729
XAF1,0.3500588,0.34330407,-0.006754713,0.09827613
UXT,0.6202914,0.6135427,-0.006748724,0.090102956
KMT2A,0.60731953,0.61402214,0.0067025865,0.096929654
TCF25,0.841065,0.8345035,-0.0065615075,0.11176406
SMEK1,0.4868076,0.48035315,-0.0064544813,0.09483309
GNAS,1.6022298,1.5958174,-0.0064124283,0.12030726
SP110,0.4399012,0.4462443,0.006343095,0.09197018
EGR2,0.028290309,0.034402285,0.0061119767,0.026629955
FEN1,0.51664686,0.5105829,-0.0060639423,0.08795344
POLE3,0.784008,0.77795565,-0.006052387,0.10488117
KIF20B,0.8756449,0.88158834,0.0059433924,0.12568901
CENPH,0.55764014,0.5635756,0.005935477,0.08255149
SPEN,0.7262912,0.73220235,0.005911181,0.10801835
DNAJC15,0.47492334,0.46904203,-0.0058812974,0.0914457
BCAS2,0.6607279,0.6548478,-0.0058801123,0.094401725
STMN1,2.5067098,2.5125103,0.005800451,0.13742153
UBE2B,0.57238144,0.56668717,-0.00569425,0.1030211
C19orf10,0.5996444,0.593963,-0.005681425,0.09864902
NUF2,0.5133695,0.50769114,-0.0056783776,0.09043693
PSMA7,2.6608965,2.655273,-0.00562369,0.09163358
CD53,0.5129276,0.5185512,0.005623605,0.09524097
DDX5,1.9569234,1.951456,-0.005467415,0.1159175
SSR1,0.4999098,0.49447426,-0.005435521,0.08569517
KTN1,1.6197708,1.614347,-0.0054237326,0.11001592
SYCP2,0.5828593,0.5774994,-0.0053598597,0.10369547
ASF1A,0.9029328,0.9082216,0.005288791,0.106710434
DDX1,0.9156429,0.92092067,0.0052777436,0.10784618
DDX55,0.44859144,0.45385703,0.0052655954,0.08616238
RP11-785H5.1,0.46738213,0.46215704,-0.0052250875,0.09292225
GTF2H5,0.62896013,0.6238178,-0.0051423362,0.09411428
MOB1A,0.5217399,0.51660955,-0.0051303576,0.089393415
CRIP1,0.50224525,0.49728468,-0.0049605803,0.088803574
PNRC2,0.68045735,0.6853712,0.00491385,0.103179686
DIMT1,0.5069706,0.5021137,-0.0048568766,0.09202174
YARS,0.6896105,0.6944228,0.0048123053,0.106656194
PHIP,0.70469826,0.6999289,-0.004769385,0.11550391
N4BP2L2,0.9203545,0.9156388,-0.004715671,0.105646804
TCEA1,0.5972387,0.59255886,-0.0046798615,0.09220518
DDX18,1.1663551,1.1709311,0.0045759887,0.117283605
SERF2,2.3960917,2.3915808,-0.0045108036,0.09717971
RPL30,2.8203824,2.8159304,-0.0044520525,0.09179703
ZBTB8OS,0.42029208,0.41596892,-0.004323164,0.08199338
YTHDF2,0.61703384,0.6127114,-0.0043224017,0.0906062
GAS5,1.2308631,1.2351432,0.0042800317,0.11933281
OSTC,0.8561553,0.86042094,0.00426564,0.09675838
CSNK2A1,0.6706946,0.67494094,0.0042463387,0.10983682
UBE2I,0.99493104,0.99077624,-0.0041548256,0.10506289
DRAP1,0.9576316,0.96175545,0.004123884,0.10500121
RPL29,1.1584541,1.1543429,-0.004111228,0.122407965
GPN3,0.4165348,0.42061022,0.004075418,0.084517755
MRPS35,0.9928911,0.98882097,-0.004070085,0.11439613
SNW1,0.9385852,0.9345502,-0.004034995,0.09707244
RPS7P1,0.48321313,0.47920877,-0.004004371,0.08487074
FRG1,0.8060037,0.80200046,-0.004003249,0.090947084
ACBD3,0.55335855,0.5493597,-0.003998847,0.092611976
RBM17,1.2930639,1.2970293,0.0039653657,0.11616082
SRA1,0.4811413,0.47718912,-0.0039521805,0.08876803
CCDC174,0.52072805,0.5246774,0.0039493237,0.08646029
VPS36,0.6084496,0.61239016,0.0039406037,0.09644667
BCL3,0.0055180867,0.0015994455,-0.0039186412,0.0
RP3-486I3.4,0.49179697,0.4879704,-0.0038265726,0.09564624
ATP6V0B,0.6518081,0.65560454,0.0037964773,0.08970672
SART3,0.47397006,0.47775885,0.0037887949,0.09111039
ZFC3H1,0.43186513,0.43553546,0.00367034,0.07778404
WDR12,0.46782708,0.46415794,-0.0036691336,0.083034344
DAXX,0.6462577,0.6499,0.003642319,0.09950294
NR4A2,0.005104143,0.0014794618,-0.0036246814,0.0
CACYBP,1.1668719,1.1632625,-0.003609388,0.11340535
RPS5,2.929245,2.9328272,0.0035822978,0.08563865
RNASEH2A,0.4222326,0.425657,0.0034244147,0.078024685
MAK16,0.45863637,0.45529047,-0.0033458965,0.0910408
PUF60,0.5547987,0.5514761,-0.003322616,0.08841636
LYRM2,0.68784267,0.69110495,0.0032622986,0.09186665
PDCD7,0.5735462,0.57680625,0.0032600977,0.09206591
SF1,0.45545915,0.4522158,-0.003243357,0.08287882
SMARCC2,0.50256324,0.49932277,-0.0032404787,0.094785735
MRPS10,0.5202424,0.51701784,-0.0032245421,0.08541871
ZNF37A,0.5672823,0.56407636,-0.0032059602,0.08651417
DNAJC19,0.6260154,0.622817,-0.0031984681,0.08753327
GINS2,0.37086302,0.36781058,-0.003052458,0.089544035
MIR142,0.61974376,0.62264824,0.0029044584,0.105824985
TIAL1,0.5434615,0.5463597,0.002898194,0.09091432
MEF2A,0.5314877,0.5343659,0.0028781728,0.1026599
BPTF,1.4970232,1.4998137,0.0027904268,0.1254491
MAD2L2,0.577022,0.57976323,0.0027411995,0.08887033
C14orf1,0.479149,0.48188108,0.0027320567,0.08967848
COX7A2,1.8275576,1.8248276,-0.0027299826,0.10948976
TMEM14B,0.6634326,0.66608936,0.0026567553,0.09240986
TCHP,0.44433078,0.441689,-0.0026417712,0.094693415
CFAP97,0.8775977,0.8749692,-0.0026285225,0.10092645
FAM192A,0.76004136,0.7626603,0.0026189564,0.09479173
RPF1,0.8673231,0.8647042,-0.002618914,0.106516235
NKG7,0.056013674,0.053443056,-0.002570618,0.033832178
MT-CO3,3.088346,3.0859113,-0.0024347028,0.120187186
TWISTNB,0.7610533,0.76326644,0.0022131163,0.097107604
MIEN1,0.6341216,0.63192916,-0.0021924602,0.087680876
THOC1,0.771253,0.7692248,-0.0020281854,0.100047834
ARPC5,1.494317,1.496309,0.0019919528,0.12178979
TNRC6B,0.3973135,0.39930102,0.0019875083,0.087050416
ATOX1,0.49103278,0.48906234,-0.0019704502,0.08425778
HAVCR2,0.0027613216,0.00080038304,-0.0019609386,0.0
NAA20,0.6926253,0.6945683,0.0019429793,0.109496556
RUVBL2,0.55056894,0.5524645,0.001895572,0.09237983
NMI,0.5606202,0.55876064,-0.001859551,0.09365632
NEDD1,0.43604693,0.43782902,0.0017820908,0.08280843
IRF4,0.0023459212,0.0006799771,-0.0016659441,0.0
RBBP7,0.7112212,0.7128773,0.0016560382,0.10784856
CWC22,0.6847618,0.68641424,0.0016524403,0.11383544
MRPS33,0.55363214,0.5552693,0.00163716,0.09425779
NDUFS5,1.6519351,1.6503432,-0.0015919537,0.119477846
FAM111A,0.5216353,0.5231973,0.0015619855,0.104643345
ZFAS1,1.3824644,1.3839664,0.0015020492,0.113220446
TBCB,0.8359333,0.8344474,-0.0014859223,0.105517946
CTSW,0.012872169,0.011437954,-0.0014342146,0.01074125
CDV3,0.97090924,0.9723086,0.0013993616,0.108720854
GNLY,0.0016621576,0.0004817848,-0.0011803728,0.0
MIR155HG,0.0016106816,0.0004668642,-0.0011438174,0.0
LUZP1,0.38971806,0.3886032,-0.0011148544,0.07704536
COX17,1.2269317,1.2279903,0.001058537,0.1175618
PRELID1,0.8316658,0.83062524,-0.00104059,0.094216764
SARS,1.0812352,1.0822042,0.0009690558,0.1153326
NFKB2,0.0659595,0.065040104,-0.00091939454,0.03704864
LYAR,0.95496166,0.95407695,-0.0008847385,0.12116706
NCBP2,0.79332614,0.7925312,-0.0007949186,0.1022292
TOMM22,0.80999756,0.80921143,-0.0007861144,0.103159614
PTTG1IP,0.5703276,0.5695432,-0.00078442134,0.109831326
NOP10,1.1487026,1.1479954,-0.00070721516,0.09867541
RFC3,0.37211967,0.3714608,-0.0006588555,0.086696215
CNTRL,0.9913919,0.9920342,0.0006422841,0.13166709
SUCLG1,0.9172539,0.9166276,-0.0006263265,0.10844606
NUP62,0.46187475,0.46128306,-0.00059170224,0.08630686
UFL1,0.55646276,0.55588174,-0.00058103557,0.105975576
CSNK1A1,1.1026825,1.1032522,0.0005696494,0.11658037
CDK1,0.50609946,0.5056185,-0.00048097235,0.107817605
BRK1,0.7234748,0.72301704,-0.0004577343,0.09041657
AP2S1,0.63909304,0.6395112,0.0004182,0.102639854
LYPLA1,0.4515904,0.45120856,-0.00038181915,0.093742244
TNF,0.0004680778,0.00013567472,-0.00033240308,0.0
PHF6,0.58623326,0.5859156,-0.00031762884,0.0909309
NFATC2,0.022030346,0.021811105,-0.00021924019,0.015087932
TMEM87A,0.45921054,0.4594069,0.0001963593,0.085778184
IER2,0.6318841,0.6316947,-0.00018941752,0.10514735
TMEM147,0.53594893,0.53584796,-0.00010095213,0.087628536
C4orf3,0.53820443,0.53812236,-8.207387e-05,0.091899335
IFNG,0.0,0.0,0.0,0.0
CTLA4,0.0,0.0,0.0,0.0
